ObserverID,Year,Month,Day,SurveyID,Start Time,Point,Minute,SpeciesCode,Distance,How,Visual,Sex,Migrating,ClusterSize,ClusterCode,Notes
CKD,2020,5,27,JW,6:06,1,1,DICK,30,V,X,,,,,
CKD,2020,5,27,JW,6:06,1,1,AMCR,700,C,,,,,,
CKD,2020,5,27,JW,6:06,1,1,BHCO,175,V,X,,,,,
CKD,2020,5,27,JW,6:06,1,1,AMRO,90,S,X,,,,,
CKD,2020,5,27,JW,6:06,1,1,AMRO,250,C,,,,,,
CKD,2020,5,27,JW,6:06,1,1,DICK,150,S,,,,,,
CKD,2020,5,27,JW,6:06,1,1,DICK,100,S,,,,,,
CKD,2020,5,27,JW,6:06,1,1,DICK,100,S,,,,,,
CKD,2020,5,27,JW,6:06,1,1,RNEP,250,C,,,,,,
CKD,2020,5,27,JW,6:06,1,2,RNEP,300,C,,,,,,
CKD,2020,5,27,JW,6:06,1,2,RNEP,400,C,,,,,,
CKD,2020,5,27,JW,6:06,1,2,EAME,225,S,X,,,,,
CKD,2020,5,27,JW,6:06,1,3,DICK,200,V,X,,,,,
CKD,2020,5,27,JW,6:06,1,3,DICK,300,V,X,,,,,
CKD,2020,5,27,JW,6:06,1,3,BHCO,175,V,X,M,,,,
CKD,2020,5,27,JW,6:06,1,3,BHCO,175,V,X,M,,,,
CKD,2020,5,27,JW,6:06,1,3,VESP,300,C,,,,,,
CKD,2020,5,27,JW,6:06,1,3,DICK,225,V,X,,,,,
CKD,2020,5,27,JW,6:06,1,3,DICK,225,V,X,,,,,
CKD,2020,5,27,JW,6:06,1,4,RWBL,200,V,X,M,,,,
CKD,2020,5,27,JW,6:06,1,4,RWBL,150,V,X,F,,,,
CKD,2020,5,27,JW,6:06,1,4,EAME,150,S,,,,,,
CKD,2020,5,27,JW,6:06,1,5,MODO,600,S,,,,,,
CKD,2020,5,27,JW,6:06,1,5,RNEP,300,C,,,,,,
CKD,2020,5,27,JW,6:06,1,6,KILL,100,C,,,,,,
CKD,2020,5,27,JW,6:06,1,6,SOSP,125,S,,,,,,
CKD,2020,5,27,JW,6:06,1,6,COGR,125,V,X,,,,,
CKD,2020,5,27,JW,6:22,2,1,DICK,50,C,X,,,,,
CKD,2020,5,27,JW,6:22,2,1,DICK,80,S,X,,,,,
CKD,2020,5,27,JW,6:22,2,1,DICK,100,S,,,,,,
CKD,2020,5,27,JW,6:22,2,1,DICK,150,S,,,,,,
CKD,2020,5,27,JW,6:22,2,1,DICK,150,S,,,,,,
CKD,2020,5,27,JW,6:22,2,1,RWBL,50,V,X,M,,,,
CKD,2020,5,27,JW,6:22,2,1,RWBL,60,V,X,M,,,,
CKD,2020,5,27,JW,6:22,2,2,EAME,100,C,X,,,,,
CKD,2020,5,27,JW,6:22,2,2,EAME,125,C,,,,,,
CKD,2020,5,27,JW,6:22,2,2,BHCO,125,C,,,,,,
CKD,2020,5,27,JW,6:22,2,2,RWBL,100,C,X,M,,,,
CKD,2020,5,27,JW,6:22,2,2,RWBL,200,C,,,,,,
CKD,2020,5,27,JW,6:22,2,2,ROPI,275,V,X,,,3,A,
CKD,2020,5,27,JW,6:22,2,2,ROPI,275,V,X,,,2,A,
CKD,2020,5,27,JW,6:22,2,2,BARS,75,V,X,,,,,
CKD,2020,5,27,JW,6:22,2,3,MALL,125,V,X,M,,2,B,
CKD,2020,5,27,JW,6:22,2,3,MALL,125,V,X,F,,1,B,
CKD,2020,5,27,JW,6:22,2,5,RWBL,50,V,X,F,,,,
CKD,2020,5,27,JW,6:22,2,6,AMCR,700,C,,,,,,
CKD,2020,5,27,JW,6:22,2,6,AMCR,300,C,,,,,,
CKD,2020,5,27,JW,,,,,,,,,,,,
CKD,2020,5,27,JW,,88,,AMGO,,C,,,,,,
CKD,2020,5,27,JW,,88,,WITU,,C,,,,,,
CKD,2020,5,27,JW,,,,,,,,,,,,
CKD,2020,5,27,JW,6:37,3,1,SOSP,75,V,X,,,,,
CKD,2020,5,27,JW,6:37,3,1,HOWR,250,S,,,,,,
CKD,2020,5,27,JW,6:37,3,1,NOCA,350,C,,,,,,
CKD,2020,5,27,JW,6:37,3,1,SOSP,100,S,X,,,,,
CKD,2020,5,27,JW,6:37,3,1,EAME,200,S,,,,,,
CKD,2020,5,27,JW,6:37,3,1,DICK,50,V,X,,,,,
CKD,2020,5,27,JW,6:37,3,1,DICK,100,S,X,,,,,
CKD,2020,5,27,JW,6:37,3,1,DICK,100,S,,,,,,
CKD,2020,5,27,JW,6:37,3,2,EAME,150,C,,,,,,
CKD,2020,5,27,JW,6:37,3,2,RWBL,100,V,X,M,,,,
CKD,2020,5,27,JW,6:37,3,2,RWBL,200,V,X,M,,,,
CKD,2020,5,27,JW,6:37,3,2,EUCD,1000,C,,,,,,
CKD,2020,5,27,JW,6:37,3,3,EAKI,150,V,X,,,,,
CKD,2020,5,27,JW,6:37,3,3,BARS,75,V,X,,,,,
CKD,2020,5,27,JW,6:37,3,3,BARS,75,V,X,,,,,
CKD,2020,5,27,JW,6:37,3,3,CLIS,75,V,X,,,,,
CKD,2020,5,27,JW,6:37,3,3,CLIS,75,V,X,,,,,
CKD,2020,5,27,JW,6:37,3,4,CLIS,40,V,X,,,,,
CKD,2020,5,27,JW,6:37,3,4,CLIS,100,V,X,,,,,
CKD,2020,5,27,JW,6:37,3,5,BHCO,100,C,,,,,,
CKD,2020,5,27,JW,6:37,3,5,DICK,150,V,X,,,,,
CKD,2020,5,27,JW,6:37,3,5,GRSP,200,S,,,,,,
CKD,2020,5,27,JW,6:37,3,6,RNEP,250,C,,,,,,
CKD,2020,5,27,JW,7:00,4,1,EAME,100,C,,,,,,
CKD,2020,5,27,JW,7:00,4,1,EAME,200,C,,,,,,
CKD,2020,5,27,JW,7:00,4,1,GRSP,150,S,,,,,,
CKD,2020,5,27,JW,7:00,4,1,RWBL,30,V,X,F,,,,
CKD,2020,5,27,JW,7:00,4,1,RWBL,80,V,X,M,,,,
CKD,2020,5,27,JW,7:00,4,1,RWBL,100,V,X,M,,,,
CKD,2020,5,27,JW,7:00,4,1,RWBL,50,V,X,M,,,,
CKD,2020,5,27,JW,7:00,4,1,RWBL,125,V,X,M,,,,
CKD,2020,5,27,JW,7:00,4,1,RWBL,125,V,X,F,,,,
CKD,2020,5,27,JW,7:00,4,1,RWBL,100,V,X,M,,,,
CKD,2020,5,27,JW,7:00,4,1,BHCO,150,V,X,M,2,C,,
CKD,2020,5,27,JW,7:00,4,1,BHCO,150,V,X,F,4,C,,
CKD,2020,5,27,JW,7:00,4,1,DICK,40,V,X,,,,,
CKD,2020,5,27,JW,7:00,4,1,DICK,75,S,,,,,,
CKD,2020,5,27,JW,7:00,4,1,DICK,150,S,,,,,,
CKD,2020,5,27,JW,7:00,4,1,DICK,125,S,,,,,,
CKD,2020,5,27,JW,7:00,4,2,DICK,125,S,,,,,,
CKD,2020,5,27,JW,7:00,4,3,SOSP,75,V,X,,,,,
CKD,2020,5,27,JW,7:00,4,3,SOSP,25,V,X,,,,,
CKD,2020,5,27,JW,7:00,4,5,GRSP,100,S,,,,,,
CKD,2020,5,27,JW,7:00,4,6,BARS,100,V,X,,,,,
CKD,2020,5,27,JW,7:14,5,1,AMGO,50,C,X,M,2,,,
CKD,2020,5,27,JW,7:14,5,1,BHCO,125,C,,,,,,
CKD,2020,5,27,JW,7:14,5,1,AMRO,300,S,,,,,,
CKD,2020,5,27,JW,7:14,5,1,SOSP,75,V,X,,,,,
CKD,2020,5,27,JW,7:14,5,1,BARS,50,V,X,,,,,
CKD,2020,5,27,JW,7:14,5,1,COGR,100,V,X,,,,,
CKD,2020,5,27,JW,7:14,5,2,DICK,50,V,X,,,,,
CKD,2020,5,27,JW,7:14,5,3,DICK,100,S,,,,,,
CKD,2020,5,27,JW,7:14,5,3,DICK,125,S,,,,,,
CKD,2020,5,27,JW,7:14,5,3,DICK,125,S,,,,,,
CKD,2020,5,27,JW,7:14,5,3,RWBL,100,V,X,M,,,,
CKD,2020,5,27,JW,7:14,5,3,RWBL,150,V,X,M,,,,
CKD,2020,5,27,JW,7:14,5,3,SOSP,125,S,,,,,,
CKD,2020,5,27,JW,7:14,5,3,RWBL,100,V,X,F,,,,
CKD,2020,5,27,JW,7:14,5,3,RWBL,200,C,X,M,,,,
CKD,2020,5,27,JW,7:14,5,3,RWBL,200,C,,,,,,
CKD,2020,5,27,JW,7:14,5,4,EAME,50,C,,,,,,
CKD,2020,5,27,JW,7:14,5,4,EAME,100,C,,,,,,
CKD,2020,5,27,JW,7:14,5,4,EAME,100,C,,,,,,
CKD,2020,5,27,JW,7:14,5,5,NOCA,400,C,,,,,,
CKD,2020,5,27,JW,7:14,5,5,CHIP,400,C,,,,,,
CKD,2020,5,27,JW,7:14,5,6,RNEP,300,V,X,M,,1,D,
CKD,2020,5,27,JW,7:14,5,6,RNEP,300,V,X,F,,1,D,
CKD,2020,5,27,JW,7:14,5,6,KILL,350,V,X,,,,,
CKD,2020,5,27,JW,7:28,6,1,NOMO,175,S,,,,,,
CKD,2020,5,27,JW,7:28,6,1,RWBL,75,V,X,M,,,,
CKD,2020,5,27,JW,7:28,6,1,RWBL,100,V,X,M,,,,
CKD,2020,5,27,JW,7:28,6,1,RWBL,150,V,X,M,,,,
CKD,2020,5,27,JW,7:28,6,1,RWBL,150,V,X,M,,,,
CKD,2020,5,27,JW,7:28,6,2,DICK,100,S,,,,,,
CKD,2020,5,27,JW,7:28,6,2,DICK,100,S,,,,,,
CKD,2020,5,27,JW,7:28,6,2,DICK,150,S,,,,,,
CKD,2020,5,27,JW,7:28,6,2,SOSP,125,S,,,,,,
CKD,2020,5,27,JW,7:28,6,2,SOSP,175,S,,,,,,
CKD,2020,5,27,JW,7:28,6,2,EAME,100,C,,,,,,
CKD,2020,5,27,JW,7:28,6,2,EAME,200,S,,,,,,
CKD,2020,5,27,JW,7:28,6,3,AMGO,100,S,,,,,,
CKD,2020,5,27,JW,7:28,6,3,RWBL,150,V,X,M,,,,
CKD,2020,5,27,JW,7:28,6,3,RWBL,150,V,X,M,,,,
CKD,2020,5,27,JW,7:28,6,3,KILL,100,V,X,,,,,
CKD,2020,5,27,JW,7:28,6,5,COGR,125,V,X,,,3,,
CKD,2020,5,27,JW,8:08,7,1,HOFI,50,S,,,,,,
CKD,2020,5,27,JW,8:08,7,1,AMRO,30,V,X,,,,,
CKD,2020,5,27,JW,8:08,7,1,AMRO,50,V,X,,,,,
CKD,2020,5,27,JW,8:08,7,1,EUST,75,V,X,,,,,
CKD,2020,5,27,JW,8:08,7,1,COYE,150,S,,,,,,
CKD,2020,5,27,JW,8:08,7,1,RWBL,50,V,X,M,,,,
CKD,2020,5,27,JW,8:08,7,1,RWBL,75,V,X,M,,,,
CKD,2020,5,27,JW,8:08,7,1,RWBL,75,V,X,M,,,,
CKD,2020,5,27,JW,8:08,7,1,RWBL,50,V,X,F,,,,
CKD,2020,5,27,JW,8:08,7,2,BARS,50,V,X,,,,,
CKD,2020,5,27,JW,8:08,7,2,INBU,50,C,,,,,,
CKD,2020,5,27,JW,8:08,7,2,DICK,100,C,,,,,,
CKD,2020,5,27,JW,8:08,7,2,DICK,125,C,,,,,,
CKD,2020,5,27,JW,8:08,7,2,RWBL,100,V,X,M,,,,
CKD,2020,5,27,JW,8:08,7,2,SOSP,50,V,X,,,,,
CKD,2020,5,27,JW,8:08,7,2,SOSP,50,V,X,,,,,
CKD,2020,5,27,JW,8:08,7,3,AMRO,60,V,X,,,,,
CKD,2020,5,27,JW,8:08,7,3,AMRO,60,S,,,,,,
CKD,2020,5,27,JW,8:08,7,3,RNEP,300,C,,,,,,
CKD,2020,5,27,JW,8:08,7,4,HOSP,60,C,,,,,,
CKD,2020,5,27,JW,8:08,7,4,EAME,125,C,,,,,,
CKD,2020,5,27,JW,8:08,7,4,MODO,50,V,X,,,2,,
CKD,2020,5,27,JW,8:08,7,5,COGR,40,V,X,,,,,
CKD,2020,5,27,JW,8:28,8,1,AMGO,45,V,X,M,,1,E,
CKD,2020,5,27,JW,8:28,8,1,AMGO,45,V,X,F,,1,E,
CKD,2020,5,27,JW,8:28,8,1,HOWR,250,S,,,,,,
CKD,2020,5,27,JW,8:28,8,1,DICK,75,V,,,,,,
CKD,2020,5,27,JW,8:28,8,1,DICK,100,C,,,,,,
CKD,2020,5,27,JW,8:28,8,1,MODO,225,C,,,,,,
CKD,2020,5,27,JW,8:28,8,1,DICK,150,S,,,,,,
CKD,2020,5,27,JW,8:28,8,2,SAVS,60,V,X,,,,,
CKD,2020,5,27,JW,8:28,8,2,SAVS,60,V,X,,,,,
CKD,2020,5,27,JW,8:28,8,3,MODO,125,V,X,,,,,
CKD,2020,5,27,JW,8:28,8,3,MODO,125,V,X,,,,,
CKD,2020,5,27,JW,8:28,8,3,RWBL,100,V,X,M,,,,
CKD,2020,5,27,JW,8:28,8,3,RWBL,100,V,X,M,,,,
CKD,2020,5,27,JW,8:28,8,3,RWBL,225,V,X,M,,,,
CKD,2020,5,27,JW,8:28,8,3,RWBL,150,V,X,M,,,,
CKD,2020,5,27,JW,8:28,8,3,RWBL,150,V,X,F,,,,
CKD,2020,5,27,JW,8:28,8,4,DICK,125,S,,,,,,
CKD,2020,5,27,JW,8:28,8,4,EAME,100,C,,,,,,
CKD,2020,5,27,JW,8:28,8,4,EAME,175,C,,,,,,
CKD,2020,5,27,JW,8:28,8,5,BHCO,50,V,X,M,,,,
CKD,2020,5,27,JW,8:28,8,5,BHCO,100,C,,,,,,
CKD,2020,5,27,JW,8:28,8,5,CLIS,75,V,X,,,,,
CKD,2020,5,27,JW,8:28,8,6,NOCA,250,C,,,,,,
CKD,2020,5,27,JW,8:28,8,6,COGR,125,C,,,,,,
CKD,2020,5,27,JW,8:28,8,6,RWBL,90,V,X,M,,,,
CKD,2020,5,27,JW,8:37,9,1,SAVS,50,S,,,,,,
CKD,2020,5,27,JW,8:37,9,1,EAME,100,S,,,,,,
CKD,2020,5,27,JW,8:37,9,1,DICK,40,V,X,,,,,
CKD,2020,5,27,JW,8:37,9,1,DICK,120,S,,,,,,
CKD,2020,5,27,JW,8:37,9,1,DICK,120,S,,,,,,
CKD,2020,5,27,JW,8:37,9,1,DICK,150,S,,,,,,
CKD,2020,5,27,JW,8:37,9,1,GRSP,125,S,,,,,,
CKD,2020,5,27,JW,8:37,9,1,EAME,100,C,,,,,,
CKD,2020,5,27,JW,8:37,9,2,RWBL,125,V,X,M,,,,
CKD,2020,5,27,JW,8:37,9,2,RWBL,125,V,X,M,,,,
CKD,2020,5,27,JW,8:37,9,2,RWBL,100,V,X,M,,,,
CKD,2020,5,27,JW,8:37,9,2,RWBL,100,V,X,M,,,,
CKD,2020,5,27,JW,8:37,9,2,RWBL,80,V,X,M,,3,,
CKD,2020,5,27,JW,8:37,9,2,RWBL,100,V,X,F,,,,
CKD,2020,5,27,JW,8:37,9,3,KILL,150,C,,,,,,
CKD,2020,5,27,JW,8:37,9,3,GRSP,130,S,,,,,,
CKD,2020,5,27,JW,8:37,9,4,AMRO,100,S,,,,,,
CKD,2020,5,27,JW,8:37,9,4,BHCO,125,C,,,,,,
CKD,2020,5,27,JW,8:37,9,5,EAME,100,V,X,,,,,
CKD,2020,5,27,JW,8:37,9,5,MODO,250,S,,,,,,
CKD,2020,5,27,JW,8:37,9,6,AMGO,100,C,,,,,,
CKD,2020,5,27,JW,8:37,9,6,DICK,150,V,X,,,,,
CKD,2020,5,27,JW,8:37,9,6,DICK,150,V,X,,,,,
CKD,2020,5,27,JW,8:37,9,6,RWBL,100,V,X,M,,,,
CKD,2020,5,27,JW,8:37,9,6,SAVS,150,S,,,,,,
,,,,,,,,,,,,,,,,
CKD,2020,5,28,D & Q,5:40,1,1,DICK,100,C,,,,,,
CKD,2020,5,28,D & Q,5:40,1,1,AMRO,250,S,,,,,,
CKD,2020,5,28,D & Q,5:40,1,1,RWBL,100,V,X,M,,,,
CKD,2020,5,28,D & Q,5:40,1,1,DICK,125,C,,,,,,
CKD,2020,5,28,D & Q,5:40,1,1,DICK,125,C,,,,,,
CKD,2020,5,28,D & Q,5:40,1,1,DICK,125,V,X,,,,,
CKD,2020,5,28,D & Q,5:40,1,1,EAME,125,S,,,,,,
CKD,2020,5,28,D & Q,5:40,1,1,RNEP,150,C,,,,,,
CKD,2020,5,28,D & Q,5:40,1,1,RWBL,125,V,X,M,,,,
CKD,2020,5,28,D & Q,5:40,1,1,RWBL,125,V,X,F,,,,
CKD,2020,5,28,D & Q,5:40,1,1,RWBL,75,V,X,M,,3,,
CKD,2020,5,28,D & Q,5:40,1,1,SAVS,80,S,,,,,,
CKD,2020,5,28,D & Q,5:40,1,1,RWBL,100,V,X,M,,,,
CKD,2020,5,28,D & Q,5:40,1,1,GRSP,75,S,,,,,,
CKD,2020,5,28,D & Q,5:40,1,1,DICK,45,V,X,,,2,,
CKD,2020,5,28,D & Q,5:40,1,2,MALL,175,V,X,M,,,,
CKD,2020,5,28,D & Q,5:40,1,2,RNEP,200,C,,,,,,
CKD,2020,5,28,D & Q,5:40,1,2,COGR,75,V,X,,,,,
CKD,2020,5,28,D & Q,5:40,1,2,DICK,50,V,X,,,,,
CKD,2020,5,28,D & Q,5:40,1,3,DICK,50,V,X,,,2,,
CKD,2020,5,28,D & Q,5:40,1,3,AMCO,150,C,,,,,,
CKD,2020,5,28,D & Q,5:40,1,3,BHCO,125,C,,,,,,
CKD,2020,5,28,D & Q,5:40,1,4,BHCO,100,C,,,,,,
CKD,2020,5,28,D & Q,5:40,1,4,AMCR,200,C,,,,,,
CKD,2020,5,28,D & Q,5:40,1,4,NOCA,250,C,,,,,,
CKD,2020,5,28,D & Q,5:40,1,5,RWBL,100,V,X,M,,,,
CKD,2020,5,28,D & Q,5:40,1,5,RWBL,100,V,X,M,,,,
CKD,2020,5,28,D & Q,5:40,1,5,RWBL,100,V,X,M,,,,
CKD,2020,5,28,D & Q,5:40,1,5,RWBL,125,V,X,M,,,,
CKD,2020,5,28,D & Q,5:40,1,5,EAME,125,C,,,,,,
CKD,2020,5,28,D & Q,5:40,1,6,RWBL,75,V,X,M,,,,
CKD,2020,5,28,D & Q,5:40,1,6,RWBL,75,V,X,M,,,,
CKD,2020,5,28,D & Q,5:40,1,6,MODO,250,C,X,,,,,
CKD,2020,5,28,D & Q,5:54,2,1,DICK,75,V,X,,,,,
CKD,2020,5,28,D & Q,5:54,2,1,AMGO,100,C,,,,,,
CKD,2020,5,28,D & Q,5:54,2,1,KILL,125,C,,,,,,
CKD,2020,5,28,D & Q,5:54,2,1,GBHE,300,V,X,,,,,
CKD,2020,5,28,D & Q,5:54,2,1,EAME,100,C,,,,,,
CKD,2020,5,28,D & Q,5:54,2,1,RWBL,50,V,X,M,,,,
CKD,2020,5,28,D & Q,5:54,2,1,HOLA,125,C,,,,,,
CKD,2020,5,28,D & Q,5:54,2,1,RNEP,150,C,,,,,,
CKD,2020,5,28,D & Q,5:54,2,1,BHCO,75,C,,,,,,
CKD,2020,5,28,D & Q,5:54,2,2,RWBL,75,V,X,M,,3,,
CKD,2020,5,28,D & Q,5:54,2,2,RWBL,75,V,X,M,,,,
CKD,2020,5,28,D & Q,5:54,2,2,RWBL,100,V,X,F,,,,
CKD,2020,5,28,D & Q,5:54,2,2,RWBL,100,V,X,M,,,,
CKD,2020,5,28,D & Q,5:54,2,2,RWBL,50,V,X,M,,,,
CKD,2020,5,28,D & Q,5:54,2,2,RWBL,60,V,X,M,,,,
CKD,2020,5,28,D & Q,5:54,2,2,EAME,80,V,X,,,,,
CKD,2020,5,28,D & Q,5:54,2,3,DICK,50,V,X,,,,,
CKD,2020,5,28,D & Q,5:54,2,3,DICK,100,V,X,,,,,
CKD,2020,5,28,D & Q,5:54,2,3,DICK,75,C,,,,,,
CKD,2020,5,28,D & Q,5:54,2,3,DICK,75,C,,,,,,
CKD,2020,5,28,D & Q,5:54,2,3,RWBL,125,V,,,,,,
CKD,2020,5,28,D & Q,5:54,2,3,GRSP,100,C,,,,,,
CKD,2020,5,28,D & Q,5:54,2,4,PUMA,125,C,,,,,,
CKD,2020,5,28,D & Q,5:54,2,5,AMGO,50,V,X,M,,1,A,
CKD,2020,5,28,D & Q,5:54,2,5,AMGO,50,V,X,F,,1,A,
CKD,2020,5,28,D & Q,5:54,2,6,RWBL,75,V,X,M,,,,
CKD,2020,5,28,D & Q,5:54,2,6,RWBL,75,V,X,M,,,,
CKD,2020,5,28,D & Q,,,,,,,,,,,,
CKD,2020,5,28,D & Q,,,88,BARS,,V,,,,,,
CKD,2020,5,28,D & Q,,,,,,,,,,,,
CKD,2020,5,28,D & Q,6:07,3,1,GRSP,60,S,,,,,,
CKD,2020,5,28,D & Q,6:07,3,1,GRSP,80,S,,,,,,
CKD,2020,5,28,D & Q,6:07,3,1,HOLA,100,C,,,,,,
CKD,2020,5,28,D & Q,6:07,3,1,DICK,100,C,,,,,,
CKD,2020,5,28,D & Q,6:07,3,1,DICK,50,V,X,,,2,,
CKD,2020,5,28,D & Q,6:07,3,1,RWBL,50,V,X,M,,,,
CKD,2020,5,28,D & Q,6:07,3,1,BHCO,100,V,X,M,,3,B,
CKD,2020,5,28,D & Q,6:07,3,1,BHCO,100,V,X,F,,2,B,
CKD,2020,5,28,D & Q,6:07,3,2,GRSP,90,S,,,,,,
CKD,2020,5,28,D & Q,6:07,3,2,SAVS,30,V,X,,,,,
CKD,2020,5,28,D & Q,6:07,3,2,RWBL,100,V,X,M,,3,,
CKD,2020,5,28,D & Q,6:07,3,2,RWBL,80,V,X,M,,3,,
CKD,2020,5,28,D & Q,6:07,3,2,RWBL,80,V,X,F,,,,
CKD,2020,5,28,D & Q,6:07,3,2,RWBL,70,V,X,M,,,,
CKD,2020,5,28,D & Q,6:07,3,2,SAVS,80,S,,,,,,
CKD,2020,5,28,D & Q,6:07,3,2,RWBL,100,V,X,M,,,,
CKD,2020,5,28,D & Q,6:07,3,3,DICK,50,V,,,,,,
CKD,2020,5,28,D & Q,6:07,3,3,DICK,50,V,,,,,,
CKD,2020,5,28,D & Q,6:07,3,3,DICK,80,S,,,,,,
CKD,2020,5,28,D & Q,6:07,3,3,DICK,125,S,,,,,,
CKD,2020,5,28,D & Q,6:07,3,3,DICK,50,C,,,,,,
CKD,2020,5,28,D & Q,6:07,3,3,BHCO,50,C,,,,,,
CKD,2020,5,28,D & Q,6:07,3,3,KILL,200,C,,,,,,
CKD,2020,5,28,D & Q,6:07,3,3,RNEP,300,C,,,,,,
CKD,2020,5,28,D & Q,6:07,3,4,ROPI,400,V,X,,,3,,
CKD,2020,5,28,D & Q,6:07,3,5,RWBL,80,V,X,M,,,,
CKD,2020,5,28,D & Q,6:07,3,6,NOCA,500,S,,,,,,
CKD,2020,5,28,D & Q,6:07,3,6,RWBL,100,V,X,M,,,,
CKD,2020,5,28,D & Q,6:07,3,6,RWBL,110,V,X,M,,,,
CKD,2020,5,28,D & Q,6:20,4,1,DICK,50,V,X,,,,,
CKD,2020,5,28,D & Q,6:20,4,1,DICK,50,V,X,,,,,
CKD,2020,5,28,D & Q,6:20,4,1,DICK,125,S,,,,,,
CKD,2020,5,28,D & Q,6:20,4,1,DICK,125,S,,,,,,
CKD,2020,5,28,D & Q,6:20,4,1,RWBL,60,V,X,F,,2,,
CKD,2020,5,28,D & Q,6:20,4,1,RWBL,60,V,X,F,,2,,
CKD,2020,5,28,D & Q,6:20,4,1,RWBL,80,V,X,M,,2,,
CKD,2020,5,28,D & Q,6:20,4,1,RWBL,100,V,X,M,,,,
CKD,2020,5,28,D & Q,6:20,4,1,RWBL,100,V,X,M,,,,
CKD,2020,5,28,D & Q,6:20,4,1,RWBL,125,V,X,M,,,,
CKD,2020,5,28,D & Q,6:20,4,1,AMRO,40,V,X,,,2,,
CKD,2020,5,28,D & Q,6:20,4,2,GRSP,55,S,,,,,,
CKD,2020,5,28,D & Q,6:20,4,2,DICK,100,S,,,,,,
CKD,2020,5,28,D & Q,6:20,4,2,EAME,75,S,,,,,,
CKD,2020,5,28,D & Q,6:20,4,2,AMGO,100,C,,,,,,
CKD,2020,5,28,D & Q,6:20,4,2,KILL,100,C,,,,,,
CKD,2020,5,28,D & Q,6:20,4,3,RWBL,150,V,X,M,,,,
CKD,2020,5,28,D & Q,6:20,4,3,RWBL,100,V,X,M,,,,
CKD,2020,5,28,D & Q,6:20,4,4,EUST,150,V,X,,,,,
CKD,2020,5,28,D & Q,6:20,4,5,KILL,125,C,,,,,,
CKD,2020,5,28,D & Q,6:20,4,5,BHCO,125,C,,,,,,
CKD,2020,5,28,D & Q,6:20,4,6,BARS,50,V,X,,,2,,
CKD,2020,5,28,D & Q,6:20,4,6,RWBL,100,V,X,M,,2,,
CKD,2020,5,28,D & Q,6:32,5,1,GRSP,30,V,X,,,,,
CKD,2020,5,28,D & Q,6:32,5,1,DICK,50,S,,,,,,
CKD,2020,5,28,D & Q,6:32,5,1,DICK,100,S,,,,,,
CKD,2020,5,28,D & Q,6:32,5,1,DICK,100,S,,,,,,
CKD,2020,5,28,D & Q,6:32,5,1,EAME,150,S,,,,,,
CKD,2020,5,28,D & Q,6:32,5,1,RWBL,75,V,X,M,,,,
CKD,2020,5,28,D & Q,6:32,5,1,HOLA,125,C,,,,,,
CKD,2020,5,28,D & Q,6:32,5,2,BHCO,100,C,,,,,,
CKD,2020,5,28,D & Q,6:32,5,2,DICK,175,V,X,,,2,,
CKD,2020,5,28,D & Q,6:32,5,2,GRSP,40,V,X,,,2,,
CKD,2020,5,28,D & Q,6:32,5,2,MODO,100,C,,,,,,
CKD,2020,5,28,D & Q,6:32,5,3,KILL,60,C,,,,,,
CKD,2020,5,28,D & Q,6:32,5,3,RWBL,75,V,X,M,,,,
CKD,2020,5,28,D & Q,6:32,5,3,RWBL,150,V,X,F,,,,
CKD,2020,5,28,D & Q,6:32,5,4,BHCO,100,C,,,,,,
CKD,2020,5,28,D & Q,6:32,5,4,RWBL,150,V,X,M,,2,,
CKD,2020,5,28,D & Q,6:32,5,5,RWBL,150,V,X,F,,,,
CKD,2020,5,28,D & Q,6:32,5,6,KILL,50,V,X,,,,,
CKD,2020,5,28,D & Q,6:32,5,6,RWBL,125,V,X,M,,,,
CKD,2020,5,28,D & Q,6:47,6,1,GRSP,100,S,,,,,,
CKD,2020,5,28,D & Q,6:47,6,1,GRSP,75,S,,,,,,
CKD,2020,5,28,D & Q,6:47,6,1,DICK,110,S,,,,,,
CKD,2020,5,28,D & Q,6:47,6,1,DICK,120,S,,,,,,
CKD,2020,5,28,D & Q,6:47,6,1,DICK,120,S,,,,,,
CKD,2020,5,28,D & Q,6:47,6,1,DICK,60,V,X,,,,,
CKD,2020,5,28,D & Q,6:47,6,1,KILL,75,V,X,,,,,
CKD,2020,5,28,D & Q,6:47,6,1,EAME,90,S,,,,,,
CKD,2020,5,28,D & Q,6:47,6,1,BARS,75,V,X,,,,,
CKD,2020,5,28,D & Q,6:47,6,1,MODO,125,C,,,,,,
CKD,2020,5,28,D & Q,6:47,6,1,GRSP,30,V,X,,,,,
CKD,2020,5,28,D & Q,6:47,6,2,DICK,50,C,X,,,,,
CKD,2020,5,28,D & Q,6:47,6,2,RWBL,100,V,X,M,,,,
CKD,2020,5,28,D & Q,6:47,6,3,RWBL,100,V,X,M,,2,,
CKD,2020,5,28,D & Q,6:47,6,3,EAME,45,S,,,,,,
CKD,2020,5,28,D & Q,6:47,6,4,HOLA,125,C,,,,,,
CKD,2020,5,28,D & Q,6:47,6,4,RWBL,80,V,X,M,,,,
CKD,2020,5,28,D & Q,6:47,6,5,AMCR,200,C,,,,,,
CKD,2020,5,28,D & Q,6:47,6,5,SAVS,75,V,X,,,,,
CKD,2020,5,28,D & Q,6:47,6,6,COGR,125,V,X,,,2,,
,,,,,,,,,,,,,,,,
CKD,2020,5,29,RW,7:45,1,1,RWBL,125,V,X,F,,,,
CKD,2020,5,29,RW,,1,1,KILL,150,C,,,,,,
CKD,2020,5,29,RW,,1,1,MODO,150,V,X,,,2,,
CKD,2020,5,29,RW,,1,1,DICK,100,S,X,,,,,
CKD,2020,5,29,RW,,1,1,COGR,125,V,X,,,,,
CKD,2020,5,29,RW,,1,1,BARS,150,V,X,,,3,,
CKD,2020,5,29,RW,,1,1,AMCR,200,C,,,,,,
CKD,2020,5,29,RW,,1,1,RWBL,90,V,X,M,,4,,
CKD,2020,5,29,RW,,1,1,RWBL,130,V,X,M,,2,,
CKD,2020,5,29,RW,,1,1,CHSP,150,S,,,,,,
CKD,2020,5,29,RW,,1,2,DICK,125,S,,,,,,
CKD,2020,5,29,RW,,1,2,DICK,125,S,,,,,,
CKD,2020,5,29,RW,,1,3,DICK,150,S,,,,,,
CKD,2020,5,29,RW,,1,4,BLJA,150,V,X,,,,,
CKD,2020,5,29,RW,,1,5,COGR,175,V,X,,,2,,
CKD,2020,5,29,RW,,1,5,SOSP,125,S,X,,,,,
CKD,2020,5,29,RW,,1,6,RWBL,100,V,X,M,,3,,
CKD,2020,5,29,RW,,1,6,CHSP,80,V,X,,,,,
CKD,2020,5,29,RW,,1,6,DICK,100,V,X,,,,,
CKD,2020,5,29,RW,7:31,2,1,BARS,50,V,X,,,,,
CKD,2020,5,29,RW,,2,1,COYE,90,S,,,,,,
CKD,2020,5,29,RW,,2,1,DICK,80,S,X,,,,,
CKD,2020,5,29,RW,,2,1,DICK,110,S,,,,,,
CKD,2020,5,29,RW,,2,1,DICK,120,S,X,,,,,
CKD,2020,5,29,RW,,2,1,DICK,120,S,X,,,,,
CKD,2020,5,29,RW,,2,1,DICK,150,S,X,,,,,
CKD,2020,5,29,RW,,2,1,SOSP,90,S,,,,,,
CKD,2020,5,29,RW,,2,1,RWBL,75,V,X,M,,,,
CKD,2020,5,29,RW,,2,1,COGR,200,V,X,,,2,,
CKD,2020,5,29,RW,,2,1,RWBL,100,V,X,M,,4,,
CKD,2020,5,29,RW,,2,2,AMCR,250,C,,,,,,
CKD,2020,5,29,RW,,2,2,MODO,225,V,X,,,3,,
CKD,2020,5,29,RW,,2,2,BHCO,100,C,,,,,,
CKD,2020,5,29,RW,,2,2,AMRO,300,S,,,,,,
CKD,2020,5,29,RW,,2,2,DICK,100,V,X,,,,,
CKD,2020,5,29,RW,,2,3,DICK,125,S,,,,,,
CKD,2020,5,29,RW,,2,3,DICK,125,S,,,,,,
CKD,2020,5,29,RW,,2,3,COGR,175,V,X,,,,,
CKD,2020,5,29,RW,,2,3,HOLA,125,C,,,,,,
CKD,2020,5,29,RW,,2,4,RWBL,125,V,X,M,,2,A,
CKD,2020,5,29,RW,,2,4,RWBL,125,V,X,F,,1,A,
CKD,2020,5,29,RW,,2,4,NOCA,200,S,,,,,,
CKD,2020,5,29,RW,,2,5,RWBL,150,V,X,M,,2,,
CKD,2020,5,29,RW,,2,6,BHCO,100,C,,,,,,
CKD,2020,5,29,RW,,2,6,BARS,125,V,X,,,,,
CKD,2020,5,29,RW,7:19,3,1,DICK,75,V,X,,,,,
CKD,2020,5,29,RW,,3,1,BHCO,100,C,,,,,,
CKD,2020,5,29,RW,,3,1,AMRO,250,C,,,,,,
CKD,2020,5,29,RW,,3,1,RWBL,125,V,X,M,,2,,
CKD,2020,5,29,RW,,3,1,COGR,300,V,X,,,3,,
CKD,2020,5,29,RW,,3,1,AMGO,65,V,X,M,,,,
CKD,2020,5,29,RW,,3,2,AMGO,80,V,X,M,,,,
CKD,2020,5,29,RW,,3,3,RWBL,100,V,X,M,,3,,
CKD,2020,5,29,RW,,3,3,COYE,80,S,,,,,,
CKD,2020,5,29,RW,,3,3,DICK,75,S,,,,,,
CKD,2020,5,29,RW,,3,3,DICK,75,S,,,,,,
CKD,2020,5,29,RW,,3,3,DICK,125,S,,,,,,
CKD,2020,5,29,RW,,3,3,DICK,125,S,,,,,,
CKD,2020,5,29,RW,,3,3,DICK,200,C,,,,,,
CKD,2020,5,29,RW,,3,3,RNEP,100,C,,,,,,
CKD,2020,5,29,RW,,3,3,EAME,150,C,,,,,,
CKD,2020,5,29,RW,,3,4,DICK,175,S,,,,,,
CKD,2020,5,29,RW,,3,4,COGR,150,V,X,,,,,
CKD,2020,5,29,RW,,3,4,BARS,100,C,,,,,,
CKD,2020,5,29,RW,,3,5,WIFL,300,S,,,,,,
CKD,2020,5,29,RW,,3,5,RNEP,400,C,,,,,,
CKD,2020,5,29,RW,,3,5,BOBO,100,V,X,F,,2,,
CKD,2020,5,29,RW,,3,5,AMGO,80,V,X,M,,,,
CKD,2020,5,29,RW,,3,6,VESP,150,S,,,,,,
CKD,2020,5,29,RW,7:00,4,1,DICK,150,S,X,,,,,
CKD,2020,5,29,RW,,4,1,OROR,90,S,,,,,,
CKD,2020,5,29,RW,,4,1,RWBL,50,V,X,F,,,,
CKD,2020,5,29,RW,,4,1,SOSP,75,S,,,,,,
CKD,2020,5,29,RW,,4,1,AMCR,200,C,,,,,,
CKD,2020,5,29,RW,,4,1,BRTH,125,S,,,,,,
CKD,2020,5,29,RW,,4,1,BRTH,150,S,,,,,,
CKD,2020,5,29,RW,,4,1,COYE,100,S,X,M,,,,
CKD,2020,5,29,RW,,4,1,CHSP,150,S,,,,,,
CKD,2020,5,29,RW,,4,1,COGR,75,V,X,,,,,
CKD,2020,5,29,RW,,4,1,RWBL,80,V,X,F,,,,
CKD,2020,5,29,RW,,4,1,RWBL,130,V,X,M,,3,,
CKD,2020,5,29,RW,,4,1,RWBL,125,V,X,F,,3,,
CKD,2020,5,29,RW,,4,1,RWBL,175,V,X,M,,2,,
CKD,2020,5,29,RW,,4,2,DICK,70,V,X,,,,,
CKD,2020,5,29,RW,,4,2,DICK,175,C,,,,,,
CKD,2020,5,29,RW,,4,2,DICK,120,S,,,,,,
CKD,2020,5,29,RW,,4,2,DICK,120,S,,,,,,
CKD,2020,5,29,RW,,4,3,RWBL,225,V,X,M,,3,B,
CKD,2020,5,29,RW,,4,3,RWBL,225,V,X,F,,3,B,
CKD,2020,5,29,RW,,4,3,DICK,40,V,X,,,,,
CKD,2020,5,29,RW,,4,3,DICK,150,S,,,,,,
CKD,2020,5,29,RW,,4,4,BOBO,175,V,X,M,,1,C,
CKD,2020,5,29,RW,,4,4,BOBO,175,V,X,F,,1,C,
CKD,2020,5,29,RW,,4,5,CANG,90,V,X,,,12,,
CKD,2020,5,29,RW,,4,6,BARS,50,V,X,,,,,
CKD,2020,5,29,RW,,4,6,COYE,125,S,,,,,,
CKD,2020,5,29,RW,,4,6,COGR,50,V,X,,,,,
CKD,2020,5,29,RW,,4,6,SOSP,125,S,,,,,,
CKD,2020,5,29,RW,,4,6,AMGO,60,V,X,M,,,,
CKD,2020,5,29,RW,,4,6,DICK,125,S,,,,,,
CKD,2020,5,29,RW,,4,6,RWBL,125,V,X,M,,4,,
CKD,2020,5,29,RW,,4,6,COGR,75,V,X,,,2,,
CKD,2020,5,29,RW,5:28,5,1,OROR,40,S,X,,,,,
CKD,2020,5,29,RW,,5,1,DICK,110,S,,,,,,
CKD,2020,5,29,RW,,5,1,RWBL,30,V,X,M,,,,
CKD,2020,5,29,RW,,5,1,HOWR,50,S,X,,,,,
CKD,2020,5,29,RW,,5,1,MODO,75,C,,,,,,
CKD,2020,5,29,RW,,5,1,CHSP,75,S,,,,,,
CKD,2020,5,29,RW,,5,1,CANG,60,V,X,,,,,
CKD,2020,5,29,RW,,5,1,RNEP,200,C,,,,,,
CKD,2020,5,29,RW,,5,1,COYE,150,S,,,,,,
CKD,2020,5,29,RW,,5,1,INBU,100,S,,,,,,
CKD,2020,5,29,RW,,5,1,WIFL,60,S,,,,,,
CKD,2020,5,29,RW,,5,1,COGR,200,V,X,,,4,,
CKD,2020,5,29,RW,,5,1,EAME,100,S,,,,,,
CKD,2020,5,29,RW,,5,1,COGR,50,V,X,,,2,,
CKD,2020,5,29,RW,,5,2,AMRO,40,V,X,,,2,,
CKD,2020,5,29,RW,,5,2,EAKI,100,C,,,,,,
CKD,2020,5,29,RW,,5,2,TRSW,50,V,X,,,,,
CKD,2020,5,29,RW,,5,2,SOSP,30,V,X,,,,,
CKD,2020,5,29,RW,,5,2,DICK,125,S,,,,,,
CKD,2020,5,29,RW,,5,2,DICK,150,S,,,,,,
CKD,2020,5,29,RW,,5,2,DICK,150,S,,,,,,
CKD,2020,5,29,RW,,5,2,BHCO,30,V,X,M,,,,
CKD,2020,5,29,RW,,5,2,EUST,50,V,X,,,,,
CKD,2020,5,29,RW,,5,2,AMGO,75,C,,,,,,
CKD,2020,5,29,RW,,5,2,AMCR,300,C,,,,,,
CKD,2020,5,29,RW,,5,3,COGR,100,V,X,,,,,
CKD,2020,5,29,RW,,5,3,RWBL,25,V,X,M,,4,,
CKD,2020,5,29,RW,,5,3,RWBL,30,V,X,M,,2,,
CKD,2020,5,29,RW,,5,3,RWBL,75,V,X,M,,,,
CKD,2020,5,29,RW,,5,3,RWBL,75,V,X,F,,,,
CKD,2020,5,29,RW,,5,3,RWBL,125,V,X,M,,,,
CKD,2020,5,29,RW,,5,3,RWBL,125,C,X,M,,,,
CKD,2020,5,29,RW,,5,3,RWBL,140,C,,,,,,
CKD,2020,5,29,RW,,5,3,RNEP,300,C,,,,,,
CKD,2020,5,29,RW,,5,3,RNEP,300,C,,,,,,
CKD,2020,5,29,RW,,5,3,NOCA,200,S,,,,,,
CKD,2020,5,29,RW,,5,3,CANG,75,V,X,,2,,,
CKD,2020,5,29,RW,,5,3,CANG,75,V,X,,20,,,
CKD,2020,5,29,RW,,5,3,MODO,125,C,,,,,,
CKD,2020,5,29,RW,,5,3,INBU,125,S,,,,,,
CKD,2020,5,29,RW,,5,4,RNEP,275,C,,,,,,
CKD,2020,5,29,RW,,5,4,AMCR,300,C,,,,,,
CKD,2020,5,29,RW,,5,4,AMCR,300,C,,,,,,
CKD,2020,5,29,RW,,5,4,SOSP,100,S,,,,,,
CKD,2020,5,29,RW,,5,4,COGR,200,V,X,,6,,,
CKD,2020,5,29,RW,,5,5,GRHE,100,C,,,,,,
CKD,2020,5,29,RW,,5,5,TRES,30,V,X,,,,,
CKD,2020,5,29,RW,,5,5,RWBL,100,V,X,,,,,
CKD,2020,5,29,RW,,5,5,WODU,75,C,X,F,,,,
CKD,2020,5,29,RW,,5,5,WAVI,125,S,,,,,,
CKD,2020,5,29,RW,,5,6,FISP,75,S,,,,,,
CKD,2020,5,29,RW,,5,6,CEDW,75,C,,,,,,
CKD,2020,5,29,RW,,5,6,HOWR,100,C,,,,,,
CKD,2020,5,29,RW,,,,,,,,,,,,
CKD,2020,5,29,RW,,88,,CHSW,,C,,,,,,
CKD,2020,5,29,RW,,88,,BLGR,C ,,,,,,,
CKD,2020,5,29,RW,,,,,,,,,,,,
CKD,2020,5,29,RW,5:54,6,1,CEDW,75,C,X,,,3,,
CKD,2020,5,29,RW,,6,1,YEWA,100,S,,,,,,
CKD,2020,5,29,RW,,6,1,DICK,85,C,,,,,,
CKD,2020,5,29,RW,,6,1,EAME,125,S,,,,,,
CKD,2020,5,29,RW,,6,1,SOSP,100,S,,,,,,
CKD,2020,5,29,RW,,6,1,COYE,80,S,,,,,,
CKD,2020,5,29,RW,,6,1,AMRO,100,S,,,,,,
CKD,2020,5,29,RW,,6,1,AMGO,100,C,,,,,,
CKD,2020,5,29,RW,,6,1,AMCR,275,C,,,,,,
CKD,2020,5,29,RW,,6,1,RNEP,95,C,,,,,,
CKD,2020,5,29,RW,,6,1,CHSP,115,S,,,,,,
CKD,2020,5,29,RW,,6,1,EAKI,140,C,,,,,,
CKD,2020,5,29,RW,,6,1,BHCO,75,C,,,,,,
CKD,2020,5,29,RW,,6,2,INBU,50,V,X,M,,,,
CKD,2020,5,29,RW,,6,2,DICK,100,S,X,,,2,,
CKD,2020,5,29,RW,,6,3,MODO,175,C,,,,,,
CKD,2020,5,29,RW,,6,3,MODO,150,C,X,,,,,
CKD,2020,5,29,RW,,6,3,EAME,150,S,,,,,,
CKD,2020,5,29,RW,,6,3,AMGO,100,C,,,,,,
CKD,2020,5,29,RW,,6,3,GRCA,175,S,,,,,,
CKD,2020,5,29,RW,,6,3,RNEP,200,C,,,,,,
CKD,2020,5,29,RW,,6,4,EAKI,90,C,,,,,,
CKD,2020,5,29,RW,,6,4,SOSP,100,S,,,,,,
CKD,2020,5,29,RW,,6,4,INBU,70,S,,,,,,
CKD,2020,5,29,RW,,6,4,INBU,90,S,,,,,,
CKD,2020,5,29,RW,,6,4,RWBL,110,C,,,,,,
CKD,2020,5,29,RW,,6,4,DICK,100,C,,,,,,
CKD,2020,5,29,RW,,6,4,DICK,100,C,,,,,,
CKD,2020,5,29,RW,,6,4,DICK,130,S,,,,,,
CKD,2020,5,29,RW,,6,4,RWBL,80,V,X,M,,3,,
CKD,2020,5,29,RW,,6,4,RWBL,125,V,X,M,,,,
CKD,2020,5,29,RW,,6,4,RWBL,110,V,X,M,,,,
CKD,2020,5,29,RW,,6,5,COGR,30,V,X,,,4,,
CKD,2020,5,29,RW,,6,5,COYE,150,C,,,,,,
CKD,2020,5,29,RW,,6,5,COGR,50,V,X,,,2,,
CKD,2020,5,29,RW,,6,5,INBU,125,S,,,,,,
CKD,2020,5,29,RW,,6,5,AMRO,150,C,,,,,,
CKD,2020,5,29,RW,,6,5,KILL,250,C,,,,,,
CKD,2020,5,29,RW,,6,5,GRCA,40,C,X,,,,,
CKD,2020,5,29,RW,,6,6,COGR,60,V,X,,,,,
CKD,2020,5,29,RW,,6,6,AMGO,150,V,X,M,,,,
CKD,2020,5,29,RW,,6,6,COGR,100,V,X,,,4,,
CKD,2020,5,29,RW,,6,6,BHCO,100,V,X,M,,3,,
CKD,2020,5,29,RW,6:11,7,1,RWBL,120,V,X,M,,4,,
CKD,2020,5,29,RW,,7,1,EAME,150,V,X,,,,,
CKD,2020,5,29,RW,,7,1,RNEP,250,C,,,,,,
CKD,2020,5,29,RW,,7,1,FISP,40,V,X,,,,,
CKD,2020,5,29,RW,,7,1,DICK,80,C,,,,,,
CKD,2020,5,29,RW,,7,1,RWBL,75,V,X,F,,,,
CKD,2020,5,29,RW,,7,1,AMCR,175,C,X,,,,,
CKD,2020,5,29,RW,,7,2,MODO,110,V,,,,,,
CKD,2020,5,29,RW,,7,2,DICK,110,V,,,,,,
CKD,2020,5,29,RW,,7,2,DICK,130,S,,,,,,
CKD,2020,5,29,RW,,7,2,DICK,130,S,,,,,,
CKD,2020,5,29,RW,,7,2,FISP,120,S,,,,,,
CKD,2020,5,29,RW,,7,2,SOSP,75,S,,,,,,
CKD,2020,5,29,RW,,7,2,BHCO,100,C,,,,,,
CKD,2020,5,29,RW,,7,2,BHCO,75,V,X,M,,,,
CKD,2020,5,29,RW,,7,3,WIFL,175,C,,,,,,
CKD,2020,5,29,RW,,7,3,RWBL,200,V,X,M,,2,,
CKD,2020,5,29,RW,,7,4,RNEP,500,C,,,,,,
CKD,2020,5,29,RW,,7,5,BARS,30,V,X,,,,,
CKD,2020,5,29,RW,,7,5,COGR,35,V,X,,,,,
CKD,2020,5,29,RW,,7,5,RWBL,20,V,X,M,,,,
CKD,2020,5,29,RW,,7,6,COYE,75,V,,,,,,
CKD,2020,5,29,RW,,7,6,DICK,140,S,,,,,,
CKD,2020,5,29,RW,,7,6,EAME,120,C,,,,,,
CKD,2020,5,29,RW,6:26,8,1,BARS,100,V,X,,,6,,
CKD,2020,5,29,RW,,8,1,RWBL,50,V,X,M,,,,
CKD,2020,5,29,RW,,8,1,RWBL,50,V,X,M,,,,
CKD,2020,5,29,RW,,8,1,COGR,100,V,X,,,3,,
CKD,2020,5,29,RW,,8,1,COYE,75,S,,,,,,
CKD,2020,5,29,RW,,8,1,RWBL,125,V,X,M,,2,,
CKD,2020,5,29,RW,,8,1,BHCO,75,V,X,M,,,,
CKD,2020,5,29,RW,,8,1,SOSP,60,S,,,,,,
CKD,2020,5,29,RW,,8,1,DICK,100,C,,,,,,
CKD,2020,5,29,RW,,8,1,INBU,90,S,,,,,,
CKD,2020,5,29,RW,,8,1,AMRO,80,S,,,,,,
CKD,2020,5,29,RW,,8,2,RWBL,120,V,X,M,,2,,
CKD,2020,5,29,RW,,8,2,DICK,90,S,,,,,,
CKD,2020,5,29,RW,,8,3,RWBL,75,V,X,M,,3,D,
CKD,2020,5,29,RW,,8,3,RWBL,110,V,X,F,,,D,
CKD,2020,5,29,RW,,8,3,RWBL,100,V,X,M,,,,
CKD,2020,5,29,RW,,8,4,GRCA,125,C,,,,,,
CKD,2020,5,29,RW,,8,5,NOBI,,,,,,,,
CKD,2020,5,29,RW,,8,6,COGR,150,V,X,,,2,,
CKD,2020,5,29,RW,6:44,9,1,SOSP,80,S,,,,,,
CKD,2020,5,29,RW,,9,1,EAKI,90,C,,,,,,
CKD,2020,5,29,RW,,9,1,COGR,150,V,X,,,2,,
CKD,2020,5,29,RW,,9,1,DICK,100,S,,,,,,
CKD,2020,5,29,RW,,9,1,AMRO,50,S,,,,,,
CKD,2020,5,29,RW,,9,1,RWBL,75,V,X,M,,,,
CKD,2020,5,29,RW,,9,1,NOCA,150,C,,,,,,
CKD,2020,5,29,RW,,9,1,KILL,175,C,,,,,,
CKD,2020,5,29,RW,,9,1,EAME,125,S,,,,,,
CKD,2020,5,29,RW,,9,2,COGR,75,V,X,,,,,
CKD,2020,5,29,RW,,9,2,RWBL,75,V,X,M,,2,,
CKD,2020,5,29,RW,,9,2,AMGO,100,C,,,,,,
CKD,2020,5,29,RW,,9,2,DICK,100,V,X,,,,,
CKD,2020,5,29,RW,,9,2,DICK,150,S,,,,,,
CKD,2020,5,29,RW,,9,2,DICK,150,S,,,,,,
CKD,2020,5,29,RW,,9,2,BHCO,100,C,,,,,,
CKD,2020,5,29,RW,,9,2,AMCR,300,C,,,,,,
CKD,2020,5,29,RW,,9,2,AMRO,75,S,X,,,,,
CKD,2020,5,29,RW,,9,3,FISP,100,S,,,,,,
CKD,2020,5,29,RW,,9,4,AMRO,125,S,,,,,,
CKD,2020,5,29,RW,,9,4,BRTH,75,S,,,,,,
CKD,2020,5,29,RW,,9,5,BARS,100,V,X,,,,,
CKD,2020,5,29,RW,,9,6,NOBI,,,,,,,,
CKD,2020,6,1,CT,5:48,1,1,DICK,60,V,,,,,,
CKD,2020,6,1,CT,,1,1,EAME,100,C,,,,,,
CKD,2020,6,1,CT,,1,1,RWBL,100,V,X,M,,,,
CKD,2020,6,1,CT,,1,1,HOWR,300,S,,,,,,
CKD,2020,6,1,CT,,1,1,SOSP,100,S,,,,,,
CKD,2020,6,1,CT,,1,1,BLJA,300,C,,,,,,
CKD,2020,6,1,CT,,1,1,MODO,300,C,,,,,,
CKD,2020,6,1,CT,,1,1,NOCA,300,S,,,,,,
CKD,2020,6,1,CT,,1,1,DICK,75,V,,,,,,
CKD,2020,6,1,CT,,1,1,DICK,100,S,,,,,,
CKD,2020,6,1,CT,,1,1,DICK,100,C,,,,,,
CKD,2020,6,1,CT,,1,1,DICK,130,C,,,,,,
CKD,2020,6,1,CT,,1,1,DICK,170,S,,,,,,
CKD,2020,6,1,CT,,1,1,DICK,150,C,,,,,,
CKD,2020,6,1,CT,,1,1,RWBL,100,V,X,M,,,,
CKD,2020,6,1,CT,,1,1,RWBL,140,V,X,M,,3,,
CKD,2020,6,1,CT,,1,1,RWBL,100,V,X,F,,,,
CKD,2020,6,1,CT,,1,1,RNEP,400,C,,,,,,
CKD,2020,6,1,CT,,1,2,WITU,400,C,,,,,,
CKD,2020,6,1,CT,,1,2,RWBL,200,V,X,M,,2,,
CKD,2020,6,1,CT,,1,2,RWBL,250,V,X,F,,,,
CKD,2020,6,1,CT,,1,3,WITU,300,C,,,,,,
CKD,2020,6,1,CT,,1,4,RNEP,300,C,,,,,,
CKD,2020,6,1,CT,,1,4,EAME,100,C,,,,,,
CKD,2020,6,1,CT,,1,4,EAME,125,C,,,,,,
CKD,2020,6,1,CT,,1,4,RWBL,140,V,X,M,,3,A,
CKD,2020,6,1,CT,,1,4,RWBL,150,V,X,F,,,A,
CKD,2020,6,1,CT,,1,4,EABL,150,C,,,X,,,
CKD,2020,6,1,CT,,1,4,EAME,150,V,X,,,3,,
CKD,2020,6,1,CT,,1,4,RTHA,450,V,X,,,,,
CKD,2020,6,1,CT,,1,5,COGR,150,V,X,,,,,
CKD,2020,6,1,CT,,1,6,COGR,250,C,,,,,,
CKD,2020,6,1,CT,,1,6,SAVS,80,S,,,,,,
CKD,2020,6,1,CT,6:01,2,1,MODO,250,C,,,,,,
CKD,2020,6,1,CT,,2,1,RWBL,80,V,X,M,,,,
CKD,2020,6,1,CT,,2,1,DICK,60,V,X,,,,,
CKD,2020,6,1,CT,,2,1,RWBL,100,V,X,M,,,,
CKD,2020,6,1,CT,,2,1,RWBL,125,V,X,M,,,,
CKD,2020,6,1,CT,,2,1,RWBL,150,V,X,F,,,,
CKD,2020,6,1,CT,,2,1,DICK,100,S,,,,,,
CKD,2020,6,1,CT,,2,1,DICK,130,S,,,,,,
CKD,2020,6,1,CT,,2,1,DICK,150,C,,,,,,
CKD,2020,6,1,CT,,2,1,DICK,150,C,,,,,,
CKD,2020,6,1,CT,,2,2,PUMA,60,C,,,,,,
CKD,2020,6,1,CT,,2,2,COGR,125,V,X,,,,,
CKD,2020,6,1,CT,,2,2,NOCA,300,C,,,,,,
CKD,2020,6,1,CT,,2,2,RWBL,150,V,X,M,,,,
CKD,2020,6,1,CT,,2,2,RWBL,150,V,X,M,,,,
CKD,2020,6,1,CT,,2,3,AMRO,300,C,,,,2,,
CKD,2020,6,1,CT,,2,3,BHCO,100,C,X,M,,,,
CKD,2020,6,1,CT,,2,3,AMGO,125,C,X,,,,,
CKD,2020,6,1,CT,,2,4,NOBI,,,,,,,,
CKD,2020,6,1,CT,,2,5,RWBL,100,V,X,M,,,,
CKD,2020,6,1,CT,,2,5,RNEP,400,C,,,,,,
CKD,2020,6,1,CT,,2,6,EAME,125,S,,,,,,
CKD,2020,6,1,CT,6:12,3,1,DICK,75,V,,,,,,
CKD,2020,6,1,CT,,3,1,RWBL,60,V,M,,,,,
CKD,2020,6,1,CT,,3,1,EAME,100,C,,,,,,
CKD,2020,6,1,CT,,3,1,DICK,75,S,,,,,,
CKD,2020,6,1,CT,,3,1,DICK,100,C,,,,,,
CKD,2020,6,1,CT,,3,1,DICK,110,S,,,,,,
CKD,2020,6,1,CT,,3,1,DICK,130,S,,,,,,
CKD,2020,6,1,CT,,3,1,DICK,150,S,,,,,,
CKD,2020,6,1,CT,,3,1,BHCO,125,C,,,,,,
CKD,2020,6,1,CT,,3,2,BARS,130,V,,,2,,,
CKD,2020,6,1,CT,,3,2,BRTH,300,S,,,,,,
CKD,2020,6,1,CT,,3,2,AMRO,200,V,,,,,,
CKD,2020,6,1,CT,,3,2,AMRO,275,S,,,,,,
CKD,2020,6,1,CT,,3,3,GCFL,300,C,,,,,,
CKD,2020,6,1,CT,,3,3,COYE,175,C,,,,,,
CKD,2020,6,1,CT,,3,3,SOSP,125,C,,,,,,
CKD,2020,6,1,CT,,3,4,SAVS,60,V,,,,,,
CKD,2020,6,1,CT,,3,4,RWBL,100,V,M,,,,,
CKD,2020,6,1,CT,,3,4,RWBL,100,V,M,,,,,
CKD,2020,6,1,CT,,3,4,RWBL,200,V,M,,,,,
CKD,2020,6,1,CT,,3,5,CAWR,350,S,,,,,,
CKD,2020,6,1,CT,,3,5,INBU,200,C,,,,,,
CKD,2020,6,1,CT,,3,6,BHCO,150,V,M,,2,C,,
CKD,2020,6,1,CT,,3,6,BHCO,150,V,F,,3,C,,
CKD,2020,6,1,CT,,88,,GBHE,,,,,,,,
CKD,2020,6,1,CT,6:24,4,1,DICK,65,V,X,,,,,
CKD,2020,6,1,CT,,4,1,RWBL,75,V,X,,,,,
CKD,2020,6,1,CT,,4,1,SOSP,125,C,,,,,,
CKD,2020,6,1,CT,,4,1,HOWR,175,S,,,,,,
CKD,2020,6,1,CT,,4,1,AMGO,100,V,X,M,,1,D,
CKD,2020,6,1,CT,,4,1,BHCO,125,C,,,,,,
CKD,2020,6,1,CT,,4,1,AMGO,100,V,X,F,,2,D,
CKD,2020,6,1,CT,,4,1,RWBL,125,V,X,F,,1,F,
CKD,2020,6,1,CT,,4,1,RWBL,100,V,X,M,,2,F,
CKD,2020,6,1,CT,,4,1,RWBL,75,V,X,M,,,,
CKD,2020,6,1,CT,,4,2,CANG,75,V,X,,X,25,,
CKD,2020,6,1,CT,,4,2,CANG,125,V,X,,X,28,,
CKD,2020,6,1,CT,,4,2,BHCO,400,C,,,,,,
CKD,2020,6,1,CT,,4,3,AMGO,350,C,,,,,,
CKD,2020,6,1,CT,,4,3,MODO,100,C,,,,,,
CKD,2020,6,1,CT,,4,3,COYE,125,C,,,,,,
CKD,2020,6,1,CT,,4,3,DICK,150,S,X,,,,,
CKD,2020,6,1,CT,,4,3,DICK,150,S,,,,,,
CKD,2020,6,1,CT,,4,3,DICK,100,S,,,,,,
CKD,2020,6,1,CT,,4,3,DICK,100,C,,,,,,
CKD,2020,6,1,CT,,4,3,DICK,125,C,,,,,,
CKD,2020,6,1,CT,,4,3,AMRO,140,C,,,,,,
CKD,2020,6,1,CT,,4,4,DICK,175,S,,,,,,
CKD,2020,6,1,CT,,4,4,DICK,175,C,,,,,,
CKD,2020,6,1,CT,,4,5,COGR,130,C,,,,,,
CKD,2020,6,1,CT,,4,5,BHCO,100,C,,,,,,
CKD,2020,6,1,CT,,4,5,INBU,100,C,,,,,,
CKD,2020,6,1,CT,,4,6,RBWO,200,C,,,,,,
CKD,2020,6,1,CT,,4,6,BLJA,200,C,,,,,,
CKD,2020,6,1,CT,,4,6,EAWP,250,C,,,,,,
CKD,2020,6,1,CT,6:57,0:00,1,EUST,80,V,,,,,,
CKD,2020,6,1,CT,,5^,1,HOWR,50,S,,,,,,
CKD,2020,6,1,CT,,5,1,HOWR,90,S,,,,,,
CKD,2020,6,1,CT,,5,1,CHSP,60,S,,,,,,
CKD,2020,6,1,CT,,5,1,NOCA,100,S,,,,,,
CKD,2020,6,1,CT,,5,1,WBNU,100,C,,,,,,
CKD,2020,6,1,CT,,5,1,INBU,90,S,,,,,,
CKD,2020,6,1,CT,,5,1,COGR,50,V,,,,,,
CKD,2020,6,1,CT,,5,1,AMRO,75,V,,,,,,
CKD,2020,6,1,CT,,5,1,RBWO,100,C,,,,,,
CKD,2020,6,1,CT,,5,1,HOWR,125,C,,,,,,
CKD,2020,6,1,CT,,5,1,RWBL,80,V,M,,,,,
CKD,2020,6,1,CT,,5,2,COGR,100,V,,,,,,
CKD,2020,6,1,CT,,5,2,EUST,100,V,,,2,,,
CKD,2020,6,1,CT,,5,2,DICK,75,S,,,,,,
CKD,2020,6,1,CT,,5,2,EAWP,125,S,,,,,,
CKD,2020,6,1,CT,,5,2,RHWO,80,V,,,,,,
CKD,2020,6,1,CT,,5,2,AMGO,130,V,,,2,F,,
CKD,2020,6,1,CT,,5,2,AMGO,130,V,,,2,F,,
CKD,2020,6,1,CT,,5,2,BAOR,70,V,,,,,,
CKD,2020,6,1,CT,,5,3,AMGO,170,V,M,,,G,,
CKD,2020,6,1,CT,,5,3,AMGO,170,V,F,,,G,,
CKD,2020,6,1,CT,,5,3,EUST,75,V,M,,,H,,
CKD,2020,6,1,CT,,5,3,EUST,75,V,M,,,H,,
CKD,2020,6,1,CT,,5,3,HOFI,100,C,F,,4,,,
CKD,2020,6,1,CT,,5,3,EAKI,100,C,J,,,,,
CKD,2020,6,1,CT,,5,3,CEDW,125,C,,,,,,
CKD,2020,6,1,CT,,5,4,AMRO,70,V,,,,,,
CKD,2020,6,1,CT,,5,4,SOSP,100,S,,,,,,
CKD,2020,6,1,CT,,5,5,PUMA,150,C,,,,,,
CKD,2020,6,1,CT,,5,5,EUST,125,V,,,,,,
CKD,2020,6,1,CT,,5,5,AMGO,100,C,,,,,,
CKD,2020,6,1,CT,,5,5,COGR,125,V,,,,,,
CKD,2020,6,1,CT,,5,5,AMRO,100,V,,,,,,
CKD,2020,6,1,CT,,5,6,GCFL,100,C,,,,,,
CKD,2020,6,1,CT,,5,6,AMRO,125,C,,,,,,
CKD,2020,6,1,CT,,5,6,AMRO,125,C,,,,,,
CKD,2020,6,1,CT,,5,6,BHCO,100,V,F,,,,,
CKD,2020,6,1,CT,,5,6,COGR,125,V,,,2,,,
CKD,2020,6,1,CT,,5,6,BRTH,100,V,,,,,,
CKD,2020,6,1,CT,,5,6,OROR,120,V,M,,,,,
CKD,2020,6,1,CT,,5,6,BLJA,125,V,,,,,,
CKD,2020,6,1,CT,,88,,RTHU,,,,,,,,
CKD,2020,6,1,CT,,88,,YBFL,,,,,,,,
CKD,2020,6,1,CT,7:08,6,1,ALFL,50,S,,,,,,
CKD,2020,6,1,CT,,6,1,SOSP,100,S,,,,,,
CKD,2020,6,1,CT,,6,1,MODO,100,C,,,,,,
CKD,2020,6,1,CT,,6,1,BHCO,125,C,,,,,,
CKD,2020,6,1,CT,,6,1,AMRO,100,C,,,,,,
CKD,2020,6,1,CT,,6,1,BHCO,80,V,X,,,10,,
CKD,2020,6,1,CT,,6,1,EAKI,100,C,,,,,,
CKD,2020,6,1,CT,,6,1,RWBL,80,V,X,F,,,,
CKD,2020,6,1,CT,,6,1,RWBL,90,V,X,M,,,,
CKD,2020,6,1,CT,,6,1,DICK,100,C,,,,,,
CKD,2020,6,1,CT,,6,1,DICK,130,C,,,,,,
CKD,2020,6,1,CT,,6,1,COYE,100,C,,,,,,
CKD,2020,6,1,CT,,6,1,BAOR,80,V,X,,,,,
CKD,2020,6,1,CT,,6,2,OROR,125,C,,,,,,
CKD,2020,6,1,CT,,6,2,NOFL,300,C,,,,,,
CKD,2020,6,1,CT,,6,3,EAWP,110,C,,,,,,
CKD,2020,6,1,CT,,6,3,BGGN,80,C,,,,,,
CKD,2020,6,1,CT,,6,3,KILL,100,C,,,,,,
CKD,2020,6,1,CT,,6,3,MAGW,110,S,,,,,,
CKD,2020,6,1,CT,,6,4,HOWR,100,S,,,,,,
CKD,2020,6,1,CT,,6,4,BARS,40,V,X,,,,,
CKD,2020,6,1,CT,,6,4,NOCA,100,S,,,,,,
CKD,2020,6,1,CT,,6,4,EUST,150,V,X,,,,,
CKD,2020,6,1,CT,,6,4,RWBL,200,V,X,M,,5,,
CKD,2020,6,1,CT,,6,5,WAVI,150,C,,,,,,
CKD,2020,6,1,CT,,6,5,CEDW,125,C ,,,,,,
CKD,2020,6,1,CT,,6,6,AMGO,100,C,,,,,,
CKD,2020,6,1,CT,,6,6,INBU,80,C,,,,,,
CKD,2020,6,1,CT,,6,6,INBU,130,C,,,,,,
CKD,2020,6,1,CT,,88,,WODU,,V,,,,,,
CKD,2020,6,1,CT,7:29,7,1,EAME,250,V,X,,,,,
CKD,2020,6,1,CT,,7,1,DICK,50,V,X,,,,,
CKD,2020,6,1,CT,,7,1,DICK,100,S,,,,,,
CKD,2020,6,1,CT,,7,1,DICK,100,S,,,,,,
CKD,2020,6,1,CT,,7,1,DICK,120,S,,,,,,
CKD,2020,6,1,CT,,7,1,DICK,150,S,,,,,,
CKD,2020,6,1,CT,,7,1,RWBL,50,V,X,M,,,,
CKD,2020,6,1,CT,,7,1,GCFL,150,C,,,,,,
CKD,2020,6,1,CT,,7,2,CLSW,200,V,X,,,,,
CKD,2020,6,1,CT,,7,2,COGR,40,V,X,,,,,
CKD,2020,6,1,CT,,7,2,AMRO,60,V,X,,,2,,
CKD,2020,6,1,CT,,7,2,BHCO,60,V,X,M,,3,,
CKD,2020,6,1,CT,,7,2,RWBL,100,V,X,M,,2,,
CKD,2020,6,1,CT,,7,3,SOSP,100,S,,,,,,
CKD,2020,6,1,CT,,7,3,BHCO,100,C,,,,,,
CKD,2020,6,1,CT,,7,3,WAVI,150,S,,,,,,
CKD,2020,6,1,CT,,7,4,AMGO,100,C,X,M,,1,I,
CKD,2020,6,1,CT,,7,4,AMGO,90,V,X,F,,1,I,
CKD,2020,6,1,CT,,7,4,MODO,150,V,X,,,,,
CKD,2020,6,1,CT,,7,5,CLSW,225,V,X,,,8,,
CKD,2020,6,1,CT,,7,5,MALL,700,V,X,M,,2,,
CKD,2020,6,1,CT,,7,5,RWBL,300,V,X,M,,4,,
CKD,2020,6,1,CT,,7,6,DICK,150,V,X,,,,,
CKD,2020,6,1,CT,,88,,UPSA,,V,X,,,,,
CKD,2020,6,1,CT,,88,,CHSW,,V,X,,,,,
CKD,2020,6,1,CT,7:40,8,1,SAVS,100,V,X,,,,,
CKD,2020,6,1,CT,,8,1,DICK,75,V,X,,,,,
CKD,2020,6,1,CT,,8,1,EAME,100,V,X,,,,,
CKD,2020,6,1,CT,,8,1,EAME,125,V,X,,,,,
CKD,2020,6,1,CT,,8,1,RWBL,150,V,X,M,,,J,
CKD,2020,6,1,CT,,8,1,RWBL,150,V,X,F,,,J,
CKD,2020,6,1,CT,,8,1,RWBL,175,V,X,M,,3,,
CKD,2020,6,1,CT,,8,2,RWBL,175,V,X,M,,2,,
CKD,2020,6,1,CT,,8,2,RWBL,125,V,X,M,,6,,
CKD,2020,6,1,CT,,8,2,DICK,100,V,X,,,2,,
CKD,2020,6,1,CT,,8,2,DICK,50,V,X,,,2,,
CKD,2020,6,1,CT,,8,2,DICK,100,S,,,,,,
CKD,2020,6,1,CT,,8,2,DICK,120,S,,,,,,
CKD,2020,6,1,CT,,8,2,DICK,150,S,,,,,,
CKD,2020,6,1,CT,,8,3,BHCO,100,C,,,,,,
CKD,2020,6,1,CT,,8,4,EAKI,150,V,X,,,,,
CKD,2020,6,1,CT,,8,4,EUST,150,C,,,,,,
CKD,2020,6,1,CT,,8,5,BHCO,100,V,X,F,,2,,
CKD,2020,6,1,CT,,8,5,EAME,125,C,,,,,,
CKD,2020,6,1,CT,,8,5,AMCR,400,C,,,,,,
CKD,2020,6,1,CT,,8,5,RWBL,200,V,X,M,,,,
CKD,2020,6,1,CT,,8,6,RWBL,150,V,X,F,,,,
CKD,2020,6,1,CT,,8,6,CAWR,125,S,,,,,,
CKD,2020,6,1,CT,8:00,9,1,COGR,100,V,X,,,2,,
CKD,2020,6,1,CT,,9,1,RWBL,80,V,X,M,,6,,
CKD,2020,6,1,CT,,9,1,EAME,125,S,X,,,,,
CKD,2020,6,1,CT,,9,1,DICK,50,V,X,,,,,
CKD,2020,6,1,CT,,9,1,DICK,100,S,,,,,,
CKD,2020,6,1,CT,,9,1,DICK,140,S,,,,,,
CKD,2020,6,1,CT,,9,1,DICK,100,S,,,,,,
CKD,2020,6,1,CT,,9,1,RWBL,150,V,X,F,,2,,
CKD,2020,6,1,CT,,9,1,RWBL,200,V,X,M,,2,,
CKD,2020,6,1,CT,,9,1,RWBL,100,V,X,M,,3,,
CKD,2020,6,1,CT,,9,2,EABL,180,V,X,,,,,
CKD,2020,6,1,CT,,9,2,RWBL,150,V,X,M,,,,
CKD,2020,6,1,CT,,9,2,TUVU,250,V,X,,,3,,
CKD,2020,6,1,CT,,9,2,CANG,200,V,X,,,43,,
CKD,2020,6,1,CT,,9,3,RWBL,150,V,X,M,,2,,
CKD,2020,6,1,CT,,9,4,BHCO,125,C,,,,,,
CKD,2020,6,1,CT,,9,5,BHCO,300,V,X,F,,3,,
CKD,2020,6,1,CT,,9,6,BHCO,300,V,X,M,,4,,
CKD,2020,6,1,CT,,9,6,TUVU,550,V,X,,,,,
CKD,2020,6,1,CT,8:11,10,1,GRSP,100,S,,,,,,
CKD,2020,6,1,CT,,10,1,CLSW,40,V,X,,,,,
CKD,2020,6,1,CT,,10,1,CLSW,75,V,X,,,2,,
CKD,2020,6,1,CT,,10,1,DICK,100,C,,,,,,
CKD,2020,6,1,CT,,10,1,GRSP,150,S,,,,,,
CKD,2020,6,1,CT,,10,1,DICK,60,V,X,,,,,
CKD,2020,6,1,CT,,10,1,DICK,100,V,X,,,,,
CKD,2020,6,1,CT,,10,1,DICK,80,V,X,,,,,
CKD,2020,6,1,CT,,10,1,DICK,100,S,,,,,,
CKD,2020,6,1,CT,,10,1,DICK,140,V,X,,,,,
CKD,2020,6,1,CT,,10,1,EAME,100,S,,,,,,
CKD,2020,6,1,CT,,10,2,RWBL,130,V,X,M,,3,,
CKD,2020,6,1,CT,,10,2,RWBL,100,V,X,M,,,,
CKD,2020,6,1,CT,,10,2,RWBL,50,V,X,M,,,,
CKD,2020,6,1,CT,,10,3,DICK,150,S,,,,,,
CKD,2020,6,1,CT,,10,3,AMGO,125,C,,,,,,
CKD,2020,6,1,CT,,10,4,BHCO,220,C,,,,,,
CKD,2020,6,1,CT,,10,5,DICK,40,V,X,,,,,
CKD,2020,6,1,CT,,10,6,MODO,175,V,X,,,,,
CKD,2020,6,1,CT,,10,6,RWBL,200,V,X,F,,,,
CKD,2020,6,1,CT,,10,6,CEDW,100,C,,,,,,
CKD,2020,6,1,CT,8:23,11,1,RWBL,75,V,X,M,,,,
CKD,2020,6,1,CT,,11,1,DICK,70,V,X,,,,,
CKD,2020,6,1,CT,,11,1,BARS,50,V,X,,,2,,
CKD,2020,6,1,CT,,11,1,DICK,80,V,X,,,,,
CKD,2020,6,1,CT,,11,1,DICK,100,S,,,,,,
CKD,2020,6,1,CT,,11,1,DICK,150,S,,,,,,
CKD,2020,6,1,CT,,11,1,DICK,140,S,,,,,,
CKD,2020,6,1,CT,,11,1,DICK,150,S,,,,,,
CKD,2020,6,1,CT,,11,1,COYE,200,S,,,,,,
CKD,2020,6,1,CT,,11,2,INBU,250,S,,,,,,
CKD,2020,6,1,CT,,11,3,SOSP,250,S,,,,,,
CKD,2020,6,1,CT,,11,3,TUTI,250,C,,,,,,
CKD,2020,6,1,CT,,11,4,BAOR,300,C,,,,,,
CKD,2020,6,1,CT,,11,4,RWBL,80,V,X,M,,2,,
CKD,2020,6,1,CT,,11,4,RWBL,100,V,X,M,,,,
CKD,2020,6,1,CT,,11,5,CANG,500,V,X,,,26,,
CKD,2020,6,1,CT,,11,5,RTHA,250,V,X,,,,,
CKD,2020,6,1,CT,,11,5,AMGO,250,V,X,,,,,
CKD,2020,6,1,CT,,11,6,VESP,200,S,,,,,,
CKD,2020,6,2,CC,5:41,1,1,BRTH,50,S,,,,,,
CKD,2020,6,2,CC,,1,1,EABL,75,C,,,,,,
CKD,2020,6,2,CC,,1,1,HOSP,100,V,X,,,,,
CKD,2020,6,2,CC,,1,1,DICK,80,V,X,,,,,
CKD,2020,6,2,CC,,1,1,GRSP,100,S,,,,,,
CKD,2020,6,2,CC,,1,1,EUST,50,V,X,,,,,
CKD,2020,6,2,CC,,1,1,GBHE,350,V,X,,,,,
CKD,2020,6,2,CC,,1,1,CHSP,125,S,,,,,,
CKD,2020,6,2,CC,,1,1,BARS,100,V,X,,,,,
CKD,2020,6,2,CC,,1,1,SOSP,110,V,X,,,2,,
CKD,2020,6,2,CC,,1,1,AMGO,80,C,,,,,,
CKD,2020,6,2,CC,,1,2,EAKI,150,V,X,,,2,,
CKD,2020,6,2,CC,,1,2,RWBL,100,V,X,M,,,,
CKD,2020,6,2,CC,,1,2,AMRO,50,V,X,,,,,
CKD,2020,6,2,CC,,1,2,RWBL,75,V,X,M,,2,A,
CKD,2020,6,2,CC,,1,2,RWBL,150,V,X,F,,,A,
CKD,2020,6,2,CC,,1,2,CHSP,100,S,,,,,,
CKD,2020,6,2,CC,,1,2,CHSP,75,S,,,,,,
CKD,2020,6,2,CC,,1,2,DICK,80,V,X,,,,,
CKD,2020,6,2,CC,,1,2,DICK,110,S,,,,,,
CKD,2020,6,2,CC,,1,2,RWBL,170,V,X,M,,,,
CKD,2020,6,2,CC,,1,3,AMRO,130,V,X,,,,,
CKD,2020,6,2,CC,,1,3,CHSW,60,V,X,,,,,
CKD,2020,6,2,CC,,1,3,CHSW,100,V,X,,,,,
CKD,2020,6,2,CC,,1,3,EUST,60,V,X,,,2,,
CKD,2020,6,2,CC,,1,4,BAOR,200,S,,,,,,
CKD,2020,6,2,CC,,1,4,COGR,230,V,X,,,,,
CKD,2020,6,2,CC,,1,4,AMCR,250,C,,,,,,
CKD,2020,6,2,CC,,1,5,KILL,150,C,,,,,,
CKD,2020,6,2,CC,,1,5,BARS,120,V,X,,,,,
CKD,2020,6,2,CC,,1,6,HOFI,100,C,,,,,,
CKD,2020,6,2,CC,5:56,2,1,GRSP,100,S,,,,,,
CKD,2020,6,2,CC,,2,1,DICK,70,V,X,,,,,
CKD,2020,6,2,CC,,2,1,EAME,100,S,X,,,,,
CKD,2020,6,2,CC,,2,1,AMCR,300,C,,,,,,
CKD,2020,6,2,CC,,2,1,EAKI,100,C,,,,,,
CKD,2020,6,2,CC,,2,1,RWBL,100,V,X,,,,,
CKD,2020,6,2,CC,,2,1,KILL,150,C,,,,,,
CKD,2020,6,2,CC,,2,1,SOSP,100,S,,,,,,
CKD,2020,6,2,CC,,2,1,COGR,130,V,X,,,,,
CKD,2020,6,2,CC,,2,1,AMRO,140,S,,,,,,
CKD,2020,6,2,CC,,2,1,EUST,110,V,X,,,,,
CKD,2020,6,2,CC,,2,2,DICK,80,V,X,,,,,
CKD,2020,6,2,CC,,2,2,DICK,100,S,,,,,,
CKD,2020,6,2,CC,,2,2,DICK,140,S,,,,,,
CKD,2020,6,2,CC,,2,2,COGR,80,V,X,,,,,
CKD,2020,6,2,CC,,2,2,EUST,100,V,X,,,,,
CKD,2020,6,2,CC,,2,2,GRSP,100,S,,,,,,
CKD,2020,6,2,CC,,2,2,COGR,140,V,X,,4,,,
CKD,2020,6,2,CC,,2,2,BHCO,170,C,,,,,,
CKD,2020,6,2,CC,,2,3,NOFL,200,C,,,,,,
CKD,2020,6,2,CC,,2,3,EUST,50,V,X,,4,,,
CKD,2020,6,2,CC,,2,3,EUST,170,V,X,,40,,,
CKD,2020,6,2,CC,,2,4,RWBL,170,V,X,,3,,,
CKD,2020,6,2,CC,,2,4,EUST,90,V,X,,5,,,
CKD,2020,6,2,CC,,2,4,AMRO,250,C,,,,,,
CKD,2020,6,2,CC,,2,4,EAME,70,V,X,,,,,
CKD,2020,6,2,CC,,2,4,GRSP,120,S,,,,,,
CKD,2020,6,2,CC,,2,4,EAME,150,S,,,,,,
CKD,2020,6,2,CC,,2,5,EUST,80,V,X,,5,,,
CKD,2020,6,2,CC,,2,5,BARS,130,V,X,,,,,
CKD,2020,6,2,CC,,2,5,AMCR,300,C,,,2,,,
CKD,2020,6,2,CC,,2,6,FISP,150,S,,,,,,
CKD,2020,6,2,CC,,2,6,NOCA,200,S,,,,,,
CKD,2020,6,2,CC,,2,6,MODO,150,C,,,,,,
CKD,2020,6,2,CC,,2,6,KILL,150,C,,,,,,
CKD,2020,6,2,CC,,88,,WIFL,,S,,,,,,
CKD,2020,6,2,CC,,88,,BLJA,,V,,,,,,
CKD,2020,6,2,CC,6:07,3,1,YBCU,200,S,,,,,,
CKD,2020,6,2,CC,,3,1,HOWR,120,S,,,,,,
CKD,2020,6,2,CC,,3,1,GRSP,100,S,,,,,,
CKD,2020,6,2,CC,,3,1,KILL,200,C,,,,,,
CKD,2020,6,2,CC,,3,1,EAME,100,S,X,,,,,
CKD,2020,6,2,CC,,3,1,DICK,150,S,,,,,,
CKD,2020,6,2,CC,,3,1,RWBL,100,V,X,M,,,,
CKD,2020,6,2,CC,,3,1,KILL,100,C,,,,,,
CKD,2020,6,2,CC,,3,1,SAVS,130,S,,,,,,
CKD,2020,6,2,CC,,3,1,MODO,220,V,,,,,,
CKD,2020,6,2,CC,,3,2,KILL,60,V,,,,,,
CKD,2020,6,2,CC,,3,2,DICK,100,S,,,,,,
CKD,2020,6,2,CC,,3,2,DICK,120,S,,,,,,
CKD,2020,6,2,CC,,3,2,DICK,130,S,,,,,,
CKD,2020,6,2,CC,,3,2,HOLA,130,C,,,,,,
CKD,2020,6,2,CC,,3,3,AMRO,40,S,,,,,,
CKD,2020,6,2,CC,,3,3,AMRO,120,S,,,,,,
CKD,2020,6,2,CC,,3,3,SOSP,100,S,,,,,,
CKD,2020,6,2,CC,,3,3,FISP,100,S,,,,,,
CKD,2020,6,2,CC,,3,4,COGR,250,V,X,,,3,,
CKD,2020,6,2,CC,,3,5,RWBL,120,V,X,M,,,,
CKD,2020,6,2,CC,,3,5,RWBL,150,V,X,M,,3,,
CKD,2020,6,2,CC,,3,6,COGR,180,V,X,,,3,,
CKD,2020,6,2,CC,,3,6,BAOR,150,S,,,,,,
CKD,2020,6,2,CC,6:30,4,1,HOWR,170,S,,,,,,
CKD,2020,6,2,CC,,4,1,NOCA,170,S,,,,,,
CKD,2020,6,2,CC,,4,1,AMRO,150,S,,,,,,
CKD,2020,6,2,CC,,4,1,DICK,110,V,X,,,,,
CKD,2020,6,2,CC,,4,1,KILL,125,C,,,,,,
CKD,2020,6,2,CC,,4,1,INBU,150,S,,,,,,
CKD,2020,6,2,CC,,4,1,DICK,70,V,X,,,,,
CKD,2020,6,2,CC,,4,1,DICK,100,S,,,,,,
CKD,2020,6,2,CC,,4,1,DICK,100,S,,,,,,
CKD,2020,6,2,CC,,4,1,DICK,140,S,,,,,,
CKD,2020,6,2,CC,,4,1,RWBL,75,V,X,M,,2,,
CKD,2020,6,2,CC,,4,2,BHCO,100,C,X,,,2,,
CKD,2020,6,2,CC,,4,2,COYE,150,S,,,,,,
CKD,2020,6,2,CC,,4,3,COGR,150,V,X,,,,,
CKD,2020,6,2,CC,,4,3,INBU,170,S,,,,,,
CKD,2020,6,2,CC,,4,3,DICK,150,S,,,,,,
CKD,2020,6,2,CC,,4,3,RWBL,70,V,X,M,,,,
CKD,2020,6,2,CC,,4,3,SOSP,100,S,,,,,,
CKD,2020,6,2,CC,,4,4,EUST,130,V,X,,,2,,
CKD,2020,6,2,CC,,4,4,RWBL,140,V,X,M,,2,,
CKD,2020,6,2,CC,,4,4,RWBL,120,V,X,F,,,,
CKD,2020,6,2,CC,,4,5,NOBI,,,,,,,,
CKD,2020,6,2,CC,,4,6,BRTH,175,C,,,,,,
CKD,2020,6,2,CC,6:41,5,1,DICK,100,V,X,,,,,
CKD,2020,6,2,CC,,5,1,SAVS,120,S,,,,,,
CKD,2020,6,2,CC,,5,1,EAME,125,S,,,,,,
CKD,2020,6,2,CC,,5,1,GRSP,90,S,,,,,,
CKD,2020,6,2,CC,,5,1,DICK,80,V,X,,,,,
CKD,2020,6,2,CC,,5,1,DICK,130,S,,,,,,
CKD,2020,6,2,CC,,5,1,DICK,150,S,,,,,,
CKD,2020,6,2,CC,,5,1,GRSP,100,S,,,,,,
CKD,2020,6,2,CC,,5,1,BHCO,180,V,X,F,,,,
CKD,2020,6,2,CC,,5,1,AMRO,100,V,X,,,,,
CKD,2020,6,2,CC,,5,1,RWBL,125,V,X,M,,,,
CKD,2020,6,2,CC,,5,2,RWBL,200,V,X,M,,,,
CKD,2020,6,2,CC,,5,3,BHCO,100,V,X,M,,,,
CKD,2020,6,2,CC,,5,4,HOLA,100,C,,,,,,
CKD,2020,6,2,CC,,5,4,AMGO,100,C,,,,,,
CKD,2020,6,2,CC,,5,4,KILL,150,V,X,,,,,
CKD,2020,6,2,CC,,5,5,BHCO,50,V,X,M,,,,
CKD,2020,6,2,CC,,5,6,BHCO,50,V,X,M,3,,,
CKD,2020,6,2,CC,,5,6,BHCO,50,V,X,F,1,,,
CKD,2020,6,2,CC,6:54,6,1,DICK,50,V,X,,,,,
CKD,2020,6,2,CC,,6,1,SOSP,150,S,,,,,,
CKD,2020,6,2,CC,,6,1,COYE,200,S,,,,,,
CKD,2020,6,2,CC,,6,1,DICK,80,V,X,,,,,
CKD,2020,6,2,CC,,6,1,DICK,100,S,,,,,,
CKD,2020,6,2,CC,,6,1,DICK,100,S,,,,,,
CKD,2020,6,2,CC,,6,1,DICK,140,S,,,,,,
CKD,2020,6,2,CC,,6,1,DICK,200,S,,,,,,
CKD,2020,6,2,CC,,6,1,CHSW,250,V,X,,,2,,
CKD,2020,6,2,CC,,6,2,CHSW,250,S,,,,,,
CKD,2020,6,2,CC,,6,2,AMGO,120,C,,,,,,
CKD,2020,6,2,CC,,6,2,COGR,150,C,X,,,,,
CKD,2020,6,2,CC,,6,2,RWBL,130,V,X,M,,,,
CKD,2020,6,2,CC,,6,3,GRSP,120,S,,,,,,
CKD,2020,6,2,CC,,6,4,RWBL,170,V,X,M,,2,,
CKD,2020,6,2,CC,,6,4,AMGO,150,V,X,M,,,,
CKD,2020,6,2,CC,,6,4,COGR,100,V,X,,,,,
CKD,2020,6,2,CC,,6,4,OROR,350,S,,,,,,
CKD,2020,6,2,CC,,6,5,BARS,120,V,X,,,2,,
CKD,2020,6,2,CC,,6,5,INBU,350,S,,,,,,
CKD,2020,6,2,CC,,6,6,BARS,100,V,X,,,,,
CKD,2020,6,2,CC,7:06,7,1,DICK,50,V,X,,,,,
CKD,2020,6,2,CC,,7,1,GRSP,70,S,,,,,,
CKD,2020,6,2,CC,,7,1,GRSP,100,S,,,,,,
CKD,2020,6,2,CC,,7,1,GRSP,120,S,,,,,,
CKD,2020,6,2,CC,,7,1,DICK,100,V,X,,,,,
CKD,2020,6,2,CC,,7,1,DICK,100,S,,,,,,
CKD,2020,6,2,CC,,7,1,DICK,130,S,,,,,,
CKD,2020,6,2,CC,,7,1,DICK,150,S,,,,,,
CKD,2020,6,2,CC,,7,1,EAME,150,S,,,,,,
CKD,2020,6,2,CC,,7,2,RWBL,110,V,X,M,,2,,
CKD,2020,6,2,CC,,7,2,KILL,300,C,,,,,,
CKD,2020,6,2,CC,,7,3,FISP,250,S,,,,,,
CKD,2020,6,2,CC,,7,3,COGR,150,V,X,,,,,
CKD,2020,6,2,CC,,7,3,EAME,300,V,X,,,2,,
CKD,2020,6,2,CC,,7,4,BHCO,150,C,X,M,,,,
CKD,2020,6,2,CC,,7,4,GRSP,200,S,,,,,,
CKD,2020,6,2,CC,,7,5,RWBL,100,V,X,M,,,B,
CKD,2020,6,2,CC,,7,5,EUST,80,V,X,,,5,,
CKD,2020,6,2,CC,,7,5,RWBL,100,V,X,F,,2,B,
CKD,2020,6,2,CC,,7,6,AMRO,100,C,X,,,,,
CKD,2020,6,2,CC,,7,6,MODO,90,V,X,,,,,
CKD,2020,6,2,CC,,7,6,TUVU,400,V,X,,,,,
CKD,2020,6,2,CC,7:20,8,1,DICK,60,V,X,,,3,,
CKD,2020,6,2,CC,,8,1,DICK,80,V,X,,,3,,
CKD,2020,6,2,CC,,8,1,DICK,100,V,X,,,,,
CKD,2020,6,2,CC,,8,1,DICK,110,S,,,,,,
CKD,2020,6,2,CC,,8,1,DICK,120,S,,,,,,
CKD,2020,6,2,CC,,8,1,DICK,150,S,,,,,,
CKD,2020,6,2,CC,,8,1,RWBL,80,V,X,M,,3,,
CKD,2020,6,2,CC,,8,1,RWBL,150,V,X,M,,,,
CKD,2020,6,2,CC,,8,1,RWBL,90,V,X,F,,,,
CKD,2020,6,2,CC,,8,1,EAME,90,V,X,,,,,
CKD,2020,6,2,CC,,8,2,RWBL,240,V,X,M,,,,
CKD,2020,6,2,CC,,8,2,RWBL,100,V,X,M,,,,
CKD,2020,6,2,CC,,8,3,COGR,150,V,X,,,3,,
CKD,2020,6,2,CC,,8,3,AMRO,140,V,X,,,,,
CKD,2020,6,2,CC,,8,3,BHCO,100,C,,,,,,
CKD,2020,6,2,CC,,8,4,GRSP,125,S,,,,,,
CKD,2020,6,2,CC,,8,4,RWBL,140,V,X,M,,,C,
CKD,2020,6,2,CC,,8,4,RWBL,140,V,X,F,,,C,
CKD,2020,6,2,CC,,8,4,EUST,150,V,X,,,,,
CKD,2020,6,2,CC,,8,5,GRSP,130,S,,,,,,
CKD,2020,6,2,CC,,8,5,EAKI,250,V,X,,,,,
CKD,2020,6,2,CC,,8,5,MODO,200,V,X,,,,,
CKD,2020,6,2,CC,,8,5,COGR,250,V,X,,,,,
CKD,2020,6,2,CC,,8,6,RWBL,120,V,X,M,,3,,
CKD,2020,6,2,CC,7:30,9,1,AMRO,150,C,,,,,,
CKD,2020,6,2,CC,,9,1,DICK,100,V,X,,,,,
CKD,2020,6,2,CC,,9,1,HOWR,250,S,,,,,,
CKD,2020,6,2,CC,,9,1,RWBL,100,V,X,M,,,,
CKD,2020,6,2,CC,,9,1,FISP,250,S,,,,,,
CKD,2020,6,2,CC,,9,1,COYE,200,S,,,,,,
CKD,2020,6,2,CC,,9,1,EAME,120,S,,,,,,
CKD,2020,6,2,CC,,9,1,DICK,80,V,X,,,,,
CKD,2020,6,2,CC,,9,1,DICK,100,V,X,,,,,
CKD,2020,6,2,CC,,9,1,AMRO,200,S,,,,,,
CKD,2020,6,2,CC,,9,1,AMRO,150,S,,,,,,
CKD,2020,6,2,CC,,9,1,BHCO,120,V,X,M,,,D,
CKD,2020,6,2,CC,,9,1,BHCO,120,V,X,F,,,D,
CKD,2020,6,2,CC,,9,1,DICK,100,S,,,,,,
CKD,2020,6,2,CC,,9,1,DICK,140,S,,,,,,
CKD,2020,6,2,CC,,9,1,RWBL,120,V,X,M,,3,,
CKD,2020,6,2,CC,,9,1,RWBL,100,V,X,F,,,,
CKD,2020,6,2,CC,,9,1,DICK,70,V,X,,,2,,
CKD,2020,6,2,CC,,9,2,COGR,125,V,X,,,,,
CKD,2020,6,2,CC,,9,2,BHCO,150,C,,,,,,
CKD,2020,6,2,CC,,9,3,AMGO,100,C,,,,,,
CKD,2020,6,2,CC,,9,3,RWBL,150,V,X,M,,,,
CKD,2020,6,2,CC,,9,4,RWBL,150,V,X,M,,,E,
CKD,2020,6,2,CC,,9,4,RWBL,150,V,X,F,,,E,
CKD,2020,6,2,CC,,9,4,GRSP,60,V,X,,,,,
CKD,2020,6,2,CC,,9,4,EAKI,250,C,,,,,,
CKD,2020,6,2,CC,,9,4,INBU,200,S,,,,,,
CKD,2020,6,2,CC,,9,4,DICK,50,V,X,,,2,,
CKD,2020,6,2,CC,,9,5,KILL,200,C,,,,,,
CKD,2020,6,2,CC,,9,5,HOWR,220,S,,,,,,
CKD,2020,6,2,CC,,9,6,SAVS,150,S,,,,,,
CKD,2020,6,2,CC,7:43,10,1,EAME,150,V,X,,,,,
CKD,2020,6,2,CC,,10,1,DICK,120,V,X,,,,,
CKD,2020,6,2,CC,,10,1,RWBL,100,V,X,M,,2,,
CKD,2020,6,2,CC,,10,1,DICK,100,V,X,,,,,
CKD,2020,6,2,CC,,10,1,GBHE,999,V,X,,,,,
CKD,2020,6,2,CC,,10,2,DICK,140,V,X,,,3,,
CKD,2020,6,2,CC,,10,2,DICK,150,S,,,,,,
CKD,2020,6,2,CC,,10,2,EAME,150,S,,,,,,
CKD,2020,6,2,CC,,10,3,RWBL,120,V,X,F,,,,
CKD,2020,6,2,CC,,10,3,RWBL,100,V,X,M,,4,,
CKD,2020,6,2,CC,,10,3,GRSP,100,S,,,,,,
CKD,2020,6,2,CC,,10,3,RWBL,140,V,X,M,,5,,
CKD,2020,6,2,CC,,10,3,GRSP,120,S,,,,,,
CKD,2020,6,2,CC,,10,3,AMRO,70,V,X,,,,,
CKD,2020,6,2,CC,,10,4,SOSP,175,S,,,,,,
CKD,2020,6,2,CC,,10,4,EAME,180,S,,,,,,
CKD,2020,6,2,CC,,10,4,DICK,100,V,X,,,,,
CKD,2020,6,2,CC,,10,4,DICK,130,S,,,,,,
CKD,2020,6,2,CC,,10,5,BHCO,150,C,,,,,,
CKD,2020,6,2,CC,,10,5,COGR,125,V,X,,,,,
CKD,2020,6,2,CC,,10,5,RWBL,100,V,X,F,,,,
CKD,2020,6,2,CC,,10,6,HOLA,280,C,,,,,,
CKD,2020,6,2,CC,7:55,11,1,RWBL,180,V,X,M,,,,
CKD,2020,6,2,CC,,11,1,EAME,100,S,,,,,,
CKD,2020,6,2,CC,,11,1,GRSP,100,S,,,,,,
CKD,2020,6,2,CC,,11,1,DICK,50,V,X,,,,,
CKD,2020,6,2,CC,,11,1,RWBL,150,V,X,M,,4,,
CKD,2020,6,2,CC,,11,1,DICK,20,V,X,,,2,,
CKD,2020,6,2,CC,,11,1,DICK,20,V,X,,,,,
CKD,2020,6,2,CC,,11,1,DICK,100,S,,,,,,
CKD,2020,6,2,CC,,11,1,DICK,90,S,,,,,,
CKD,2020,6,2,CC,,11,1,DICK,120,C,,,,,,
CKD,2020,6,2,CC,,11,2,GRSP,30,V,X,,,,,
CKD,2020,6,2,CC,,11,3,GRSP,125,S,,,,,,
CKD,2020,6,2,CC,,11,3,SAVS,125,S,,,,,,
CKD,2020,6,2,CC,,11,3,EAME,150,S,,,,,,
CKD,2020,6,2,CC,,11,3,TUVU,500,V,X,,,,,
CKD,2020,6,2,CC,,11,3,TUVU,999,V,X,,,,,
CKD,2020,6,2,CC,,11,4,BHCO,100,V,X,M,,3,F,
CKD,2020,6,2,CC,,11,4,BHCO,100,V,X,F,,,F,
CKD,2020,6,2,CC,,11,5,COGR,60,V,X,,,,,
CKD,2020,6,2,CC,,11,6,RWBL,120,V,X,M,,3,,
CKD,2020,6,2,CC,8:07,12,1,DICK,80,V,X,,,,,
CKD,2020,6,2,CC,,12,1,RWBL,50,V,X,M,,,,
CKD,2020,6,2,CC,,12,1,DICK,100,S,,,,,,
CKD,2020,6,2,CC,,12,1,DICK,120,S,,,,,,
CKD,2020,6,2,CC,,12,1,DICK,120,S,,,,,,
CKD,2020,6,2,CC,,12,1,DICK,150,S,,,,,,
CKD,2020,6,2,CC,,12,1,AMRO,120,V,X,,,,,
CKD,2020,6,2,CC,,12,1,GRSP,110,S,,,,,,
CKD,2020,6,2,CC,,12,1,EAME,100,S,,,,,,
CKD,2020,6,2,CC,,12,2,RWBL,150,V,X,M,,,,
CKD,2020,6,2,CC,,12,2,EAME,80,V,X,,,,,
CKD,2020,6,2,CC,,12,3,BHCO,125,C,,,,,,
CKD,2020,6,2,CC,,12,3,KILL,150,C,,,,,,
CKD,2020,6,2,CC,,12,4,FISP,250,S,,,,,,
CKD,2020,6,2,CC,,12,4,RWBL,150,V,X,M,,2,,
CKD,2020,6,2,CC,,12,5,EUST,300,V,X,,,,,
CKD,2020,6,2,CC,,12,5,AMKE,300,V,X,,,,,
CKD,2020,6,2,CC,,12,6,BHCO,150,C,,,,,,
CKD,2020,6,3,CC,8:09,13,1,SOSP,30,V,X,,,,,
CKD,2020,6,3,CC,,13,1,EUST,50,V,X,,,4,,
CKD,2020,6,3,CC,,13,1,HOSP,50,V,X,,,3,,
CKD,2020,6,3,CC,,13,1,KILL,110,C,,,,,,
CKD,2020,6,3,CC,,13,1,DICK,100,S,,,,,,
CKD,2020,6,3,CC,,13,1,HOFI,100,C,X,,,,,
CKD,2020,6,3,CC,,13,1,DICK,80,V,X,,,,,
CKD,2020,6,3,CC,,13,1,RWBL,100,V,X,M,,,,
CKD,2020,6,3,CC,,13,2,COGR,50,V,X,,,4,,
CKD,2020,6,3,CC,,13,2,CEDW,50,V,X,,,4,,
CKD,2020,6,3,CC,,13,2,BARS,225,V,X,,,3,,
CKD,2020,6,3,CC,,13,2,EAME,170,V,X,,,,,
CKD,2020,6,3,CC,,13,3,BHCO,140,V,X,M,,,,
CKD,2020,6,3,CC,,13,3,MODO,100,V,X,,,,,
CKD,2020,6,3,CC,,13,3,RWBL,100,V,X,M,,,,
CKD,2020,6,3,CC,,13,4,AMRO,120,V,X,,,,,
CKD,2020,6,3,CC,,13,5,TUVU,200,C,,,,,,
CKD,2020,6,3,CC,,13,5,INBU,60,V,X,,,,,
CKD,2020,6,3,CC,,13,6,GBHE,400,V,X,,,,,
CKD,2020,6,3,CC,,13,6,HOSP,30,V,X,M,,,F,
CKD,2020,6,3,CC,,13,6,HOSP,30,V,X,F,,,F,
CKD,2020,6,3,CC,,14,1,KILL,100,C,,,,,,
CKD,2020,6,3,CC,,14,1,HOSP,60,V,X,,,,,
CKD,2020,6,3,CC,,14,1,GRSP,100,S,,,,,,
CKD,2020,6,3,CC,,14,1,RWBL,100,V,X,M,,,,
CKD,2020,6,3,CC,,14,1,DICK,70,V,X,,,,,
CKD,2020,6,3,CC,,14,1,BHCO,100,C,,,,,,
CKD,2020,6,3,CC,,14,1,DICK,120,S,,,,,,
CKD,2020,6,3,CC,,14,1,DICK,140,S,,,,,,
CKD,2020,6,3,CC,,14,2,MODO,100,V,X,,,,,
CKD,2020,6,3,CC,,14,3,GBHE,800,V,X,,,,,
CKD,2020,6,3,CC,,14,3,AMRC,300,C,,,,,,
CKD,2020,6,3,CC,,14,4,SAVS,200,S,,,,,,
CKD,2020,6,3,CC,,14,5,NOBI,,,,,,,,
CKD,2020,6,3,CC,,14,6,COGR,125,V,X,,,,,
CKD,2020,6,3,CC,,14,6,RWBL,100,V,X,M,,2,,
CKD,2020,6,3,CC,7:46,15,1,GRSP,50,V,X,,,,,
CKD,2020,6,3,CC,,15,1,DICK,40,V,X,M,,,,
CKD,2020,6,3,CC,,15,1,RWBL,100,V,X,M,,,,
CKD,2020,6,3,CC,,15,1,DICK,50,V,X,M,,,,
CKD,2020,6,3,CC,,15,1,DICK,80,V,X,M,,,,
CKD,2020,6,3,CC,,15,1,COGR,100,V,X,,,,,
CKD,2020,6,3,CC,,15,1,COYE,200,S,,,,,,
CKD,2020,6,3,CC,,15,1,SOSP,125,S,,,,,,
CKD,2020,6,3,CC,,15,2,AMCR,300,C,,,,,,
CKD,2020,6,3,CC,,15,2,EAME,40,V,X,,,2,,
CKD,2020,6,3,CC,,15,3,GRSP,100,S,,,,,,
CKD,2020,6,3,CC,,15,3,GRSP,100,S,,,,,,
CKD,2020,6,3,CC,,15,3,BHCO,80,C,,,,,,
CKD,2020,6,3,CC,,15,4,CEDW,100,V,X,,,2,,
CKD,2020,6,3,CC,,15,4,DICK,100,S,,,,,,
CKD,2020,6,3,CC,,15,4,DICK,130,S,,,,,,
CKD,2020,6,3,CC,,15,4,DICK,130,S,,,,,,
CKD,2020,6,3,CC,,15,4,RWBL,30,V,X,M,,,,
CKD,2020,6,3,CC,,15,4,RWBL,100,V,X,M,,2,,
CKD,2020,6,3,CC,,15,4,RWBL,150,V,X,M,,2,,
CKD,2020,6,3,CC,,15,5,MODO,110,V,X,,,,,
CKD,2020,6,3,CC,,15,6,KILL,100,C,,,,,,
CKD,2020,6,3,CC,7:31,16,1,WAVI,100,S,,,,,,
CKD,2020,6,3,CC,,16,1,GRSP,100,S,,,,,,
CKD,2020,6,3,CC,,16,1,DICK,70,V,X,,,,,
CKD,2020,6,3,CC,,16,1,EAME,125,S,,,,,,
CKD,2020,6,3,CC,,16,1,SOSP,100,S,,,,,,
CKD,2020,6,3,CC,,16,1,COYE,110,S,,,,,,
CKD,2020,6,3,CC,,16,1,BRTH,130,C,,,,,,
CKD,2020,6,3,CC,,16,1,RWBL,100,V,X,,,,,
CKD,2020,6,3,CC,,16,1,SOSP,100,S,,,,,,
CKD,2020,6,3,CC,,16,1,GRSP,120,S,,,,,,
CKD,2020,6,3,CC,,16,1,GRSP,130,S,,,,,,
CKD,2020,6,3,CC,,16,1,DICK,100,S,,,,,,
CKD,2020,6,3,CC,,16,1,DICK,140,S,,,,,,
CKD,2020,6,3,CC,,16,2,RWBL,30,V,X,M,,2,,
CKD,2020,6,3,CC,,16,2,AMR,150,S,,,,,,
CKD,2020,6,3,CC,,16,2,DICK,100,S,,,,,,
CKD,2020,6,3,CC,,16,2,COGR,210,V,X,,,3,,
CKD,2020,6,3,CC,,16,3,BHCO,100,V,X,M,,2,,
CKD,2020,6,3,CC,,16,4,CEDW,100,C,X,,,2,,
CKD,2020,6,3,CC,,16,4,RWBL,80,V,X,M,,,,
CKD,2020,6,3,CC,,16,5,RWBL,60,V,X,F,,2,,
CKD,2020,6,3,CC,,16,5,WAVI,80,S,,,,,,
CKD,2020,6,3,CC,,16,5,RWBL,100,V,X,M,,2,,
CKD,2020,6,3,CC,,16,6,NOBI,,,,,,,,
CKD,2020,6,3,CC,7:18,17,1,RWBL,100,V,X,M,,,,
CKD,2020,6,3,CC,,17,1,EAME,100,S,,,,,,
CKD,2020,6,3,CC,,17,1,DICK,80,V,X,,,,,
CKD,2020,6,3,CC,,17,1,PUMA,60,V,X,,,,,
CKD,2020,6,3,CC,,17,1,RWBL,50,V,X,M,,2,D,
CKD,2020,6,3,CC,,17,1,RWBL,50,V,X,F,,,D,
CKD,2020,6,3,CC,,17,1,AMRO,150,S,,,,,,
CKD,2020,6,3,CC,,17,1,EAKI,150,S,,,,,,
CKD,2020,6,3,CC,,17,1,COYE,130,S,,,,,,
CKD,2020,6,3,CC,,17,1,CHSW,400,V,X,,,4,,
CKD,2020,6,3,CC,,17,2,GRSP,100,S,,,,,,
CKD,2020,6,3,CC,,17,2,SAVS,150,S,,,,,,
CKD,2020,6,3,CC,,17,2,SOSP,150,S,,,,,,
CKD,2020,6,3,CC,,17,2,NOCA,140,S,,,,,,
CKD,2020,6,3,CC,,17,2,HOWR,170,S,,,,,,
CKD,2020,6,3,CC,,17,2,INBU,160,S,,,,,,
CKD,2020,6,3,CC,,17,2,RWBL,100,V,X,F,,3,,
CKD,2020,6,3,CC,,17,2,RWBL,130,V,X,M,,4,,
CKD,2020,6,3,CC,,17,3,FISP,100,S,,,,,,
CKD,2020,6,3,CC,,17,3,EAME,125,S,,,,,,
CKD,2020,6,3,CC,,17,3,DICK,80,V,X,,,2,,
CKD,2020,6,3,CC,,17,3,DICK,100,S,,,,,,
CKD,2020,6,3,CC,,17,3,DICK,130,S,,,,,,
CKD,2020,6,3,CC,,17,3,DICK,160,S,,,,,,
CKD,2020,6,3,CC,,17,4,FISP,180,S,,,,,,
CKD,2020,6,3,CC,,17,4,WAVI,150,S,,,,,,
CKD,2020,6,3,CC,,17,4,MODO,150,C,,,,,,
CKD,2020,6,3,CC,,17,5,RNEP,500,C,,,,,,
CKD,2020,6,3,CC,,17,5,RBWO,200,C,,,,,,
CKD,2020,6,3,CC,,17,5,AMGO,150,C,,,,,,
CKD,2020,6,3,CC,,17,5,EAME,120,V,X,,,2,,
CKD,2020,6,3,CC,,17,5,EUST,90,V,X,,,,,
CKD,2020,6,3,CC,,17,6,AMCR,300,C,,,,,,
CKD,2020,6,3,CC,7:05,18,1,BRTH,120,C,,,,,,
CKD,2020,6,3,CC,,18,1,DICK,80,V,X,,,,,
CKD,2020,6,3,CC,,18,1,DICK,100,S,,,,,,
CKD,2020,6,3,CC,,18,1,DICK,100,S,,,,,,
CKD,2020,6,3,CC,,18,1,DICK,150,S,,,,,,
CKD,2020,6,3,CC,,18,1,EAME,60,V,X,,,,,
CKD,2020,6,3,CC,,18,1,GRSP,90,C,,,,,,
CKD,2020,6,3,CC,,18,1,GRSP,100,C,,,,,,
CKD,2020,6,3,CC,,18,2,COYE,100,S,,,,,,
CKD,2020,6,3,CC,,18,2,AMRO,175,V,X,,,,,
CKD,2020,6,3,CC,,18,2,OROR,200,S,,,,,,
CKD,2020,6,3,CC,,18,2,NRWS,20,V,X,,,,,
CKD,2020,6,3,CC,,18,3,AMGO,80,C,,,,,,
CKD,2020,6,3,CC,,18,3,SAVS,100,S,,,,,,
CKD,2020,6,3,CC,,18,4,COGR,200,V,X,,,,,
CKD,2020,6,3,CC,,18,5,BARS,100,V,X,,,,,
CKD,2020,6,3,CC,,18,5,GRSP,80,V,X,,,,,
CKD,2020,6,3,CC,,18,5,COGR,100,V,X,,,2,,
CKD,2020,6,3,CC,,18,5,BHCO,80,V,X,M,,,,
CKD,2020,6,3,CC,,18,5,RWBL,100,V,X,M,,3,,
CKD,2020,6,3,CC,,18,6,DICK,50,V,X,,,3,,
CKD,2020,6,3,CC,6:51,19,1,WAVI,70,S,,,,,,
CKD,2020,6,3,CC,,19,1,NOCA,50,C,X,M,,,,
CKD,2020,6,3,CC,,19,1,EATO,100,S,,,,,,
CKD,2020,6,3,CC,,19,1,FISP,110,S,,,,,,
CKD,2020,6,3,CC,,19,1,BAOR,150,S,,,,,,
CKD,2020,6,3,CC,,19,1,EAKI,100,V,X,,,,,
CKD,2020,6,3,CC,,19,1,MODO,200,C,,,,,,
CKD,2020,6,3,CC,,19,1,EAKI,40,C,,,,,,
CKD,2020,6,3,CC,,19,1,OROR,80,S,X,,,,,
CKD,2020,6,3,CC,,19,1,EAME,30,V,X,,,,,
CKD,2020,6,3,CC,,19,1,EAME,100,S,,,,,,
CKD,2020,6,3,CC,,19,1,GCFL,170,S,,,,,,
CKD,2020,6,3,CC,,19,2,RBGR,110,S,,,,,,
CKD,2020,6,3,CC,,19,2,DICK,80,V,X,,,,,
CKD,2020,6,3,CC,,19,2,COYE,70,S,,,,,,
CKD,2020,6,3,CC,,19,2,BHCO,100,V,X,M,,2,,
CKD,2020,6,3,CC,,19,2,EUST,200,V,X,,,,,
CKD,2020,6,3,CC,,19,2,GRSP,110,S,,,,,,
CKD,2020,6,3,CC,,19,2,SOSP,100,S,,,,,,
CKD,2020,6,3,CC,,19,2,WAVI,130,S,,,,,,
CKD,2020,6,3,CC,,19,2,SAVS,120,S,,,,,,
CKD,2020,6,3,CC,,19,2,BHCO,140,V,X,M,,,,
CKD,2020,6,3,CC,,19,3,NOFL,350,C,,,,,,
CKD,2020,6,3,CC,,19,3,EAWP,170,C,,,,,,
CKD,2020,6,3,CC,,19,3,KILL,100,C,,,,,,
CKD,2020,6,3,CC,,19,4,INBU,90,S,,,,,,
CKD,2020,6,3,CC,,19,4,AMGO,140,C,,,,,,
CKD,2020,6,3,CC,,19,4,YBCU,180,C,,,,,,
CKD,2020,6,3,CC,,19,4,MODO,300,C,,,,,,
CKD,2020,6,3,CC,,19,4,COYE,140,S,,,,,,
CKD,2020,6,3,CC,,19,4,INBU,160,S,,,,,,
CKD,2020,6,3,CC,,19,5,DICK,100,S,,,,,,
CKD,2020,6,3,CC,,19,5,DICK,100,S,,,,,,
CKD,2020,6,3,CC,,19,6,WOTH,160,C,,,,,,
CKD,2020,6,3,CC,,19,6,SOSP,40,V,X,,,,,
CKD,2020,6,3,CC,,19,6,RBWO,260,C,,,,,,
CKD,2020,6,3,CC,5:52,20,1,DICK,80,V,X,,,,,
CKD,2020,6,3,CC,,20,1,AMCR,300,C,,,,,,
CKD,2020,6,3,CC,,20,1,COGR,200,V,X,,,,,
CKD,2020,6,3,CC,,20,1,EAME,150,S,,,,,,
CKD,2020,6,3,CC,,20,1,FISP,300,S,,,,,,
CKD,2020,6,3,CC,,20,1,GRSP,120,S,,,,,,
CKD,2020,6,3,CC,,20,1,BHCO,100,V,X,M,,2,,
CKD,2020,6,3,CC,,20,1,COGR,150,V,X,,,3,,
CKD,2020,6,3,CC,,20,1,RNEP,350,C,,,,,,
CKD,2020,6,3,CC,,20,1,EAKI,100,V,X,,,,,
CKD,2020,6,3,CC,,20,1,BLGR,200,S,,,,,,
CKD,2020,6,3,CC,,20,1,AMR,150,V,X,,,,,
CKD,2020,6,3,CC,,20,1,COYE,300,S,,,,,,
CKD,2020,6,3,CC,,20,1,SOSP,175,S,,,,,,
CKD,2020,6,3,CC,,20,2,PUMA,130,V,X,,,,,
CKD,2020,6,3,CC,,20,2,CHSW,120,V,X,,,,,
CKD,2020,6,3,CC,,20,2,EAPH,100,V,X,,,,,
CKD,2020,6,3,CC,,20,2,HOWR,150,S,,,,,,
CKD,2020,6,3,CC,,20,2,COHA,150,V,X,,,,,
CKD,2020,6,3,CC,,20,2,BHCO,100,V,X,M,,,,
CKD,2020,6,3,CC,,20,2,EUST,110,V,X,,,20,,
CKD,2020,6,3,CC,,20,3,AMCR,250,C,,,,,,
CKD,2020,6,3,CC,,20,3,OROR,150,S,,,,,,
CKD,2020,6,3,CC,,20,3,BLJA,125,C,,,,,,
CKD,2020,6,3,CC,,20,3,BHCO,100,V,X,M,,,A,
CKD,2020,6,3,CC,,20,3,BHCO,100,V,X,F,,,A,
CKD,2020,6,3,CC,,20,4,RWBL,125,V,X,M,,3,,
CKD,2020,6,3,CC,,20,4,BLGR,150,S,,,,,,
CKD,2020,6,3,CC,,20,4,SAVS,130,S,,,,,,
CKD,2020,6,3,CC,,20,4,DICK,80,V,X,,,,,
CKD,2020,6,3,CC,,20,4,DICK,100,S,,,,,,
CKD,2020,6,3,CC,,20,4,COGR,50,V,X,,,2,,
CKD,2020,6,3,CC,,20,4,DICK,120,S,,,,,,
CKD,2020,6,3,CC,,20,4,DICK,130,S,,,,,,
CKD,2020,6,3,CC,,20,4,CHSP,150,S,,,,,,
CKD,2020,6,3,CC,,20,4,NOCA,170,S,,,,,,
CKD,2020,6,3,CC,,20,4,DICK,100,S,,,,,,
CKD,2020,6,3,CC,,20,4,DICK,150,C,,,,,,
CKD,2020,6,3,CC,,20,4,DICK,150,S,,,,,,
CKD,2020,6,3,CC,,20,4,NOFL,150,V,,,,,,
CKD,2020,6,3,CC,,20,4,NOFL,190,V,,,,,,
CKD,2020,6,3,CC,,20,4,AMCR,300,C,,,,,,
CKD,2020,6,3,CC,,20,5,MODO,100,C,,,,,,
CKD,2020,6,3,CC,,20,5,NOCA,125,S,,,,,,
CKD,2020,6,3,CC,,20,5,YBCU,300,S,,,,,,
CKD,2020,6,3,CC,,20,5,RWBL,130,V,X,M,,2,,
CKD,2020,6,3,CC,,20,5,RWBL,150,V,X,F,,,,
CKD,2020,6,3,CC,,20,6,AMRO,130,V,X,,,3,,
CKD,2020,6,3,CC,,20,6,DICK,30,V,X,,,,,
CKD,2020,6,3,CC,,20,6,DICK,10,V,X,,,,,
CKD,2020,6,3,CC,,20,6,HOSP,100,C,,,,,,
CKD,2020,6,3,CC,,20,6,BGGN,150,C,,,,,,
CKD,2020,6,3,CC,,20,6,MODO,200,V,X,,,,,
CKD,2020,6,3,CC,,20,6,BRTH,150,C,,,,,,
CKD,2020,6,3,CC,,20,6,RBGR,400,S,,,,,,
CKD,2020,6,3,CC,6:09,21,1,DICK,100,S,,,,,,
CKD,2020,6,3,CC,,21,1,INBU,100,S,,,,,,
CKD,2020,6,3,CC,,21,1,BLJA,80,V,X,,,,,
CKD,2020,6,3,CC,,21,1,COYE,90,S,,,,,,
CKD,2020,6,3,CC,,21,1,REVI,100,S,,,,,,
CKD,2020,6,3,CC,,21,1,EAWP,125,S,,,,,,
CKD,2020,6,3,CC,,21,1,AMCR,150,C,,,,,,
CKD,2020,6,3,CC,,21,1,AMRO,125,V,X,,,2,,
CKD,2020,6,3,CC,,21,1,EAKI,100,C,,,,,,
CKD,2020,6,3,CC,,21,1,RWBL,125,V,X,M,,,,
CKD,2020,6,3,CC,,21,1,NOCA,100,S,,,,,,
CKD,2020,6,3,CC,,21,2,EUST,75,V,X,,,,,
CKD,2020,6,3,CC,,21,2,BAOR,100,S,,,,,,
CKD,2020,6,3,CC,,21,2,AMGO,180,C,,,,,,
CKD,2020,6,3,CC,,21,2,REVI,90,S,,,,,,
CKD,2020,6,3,CC,,21,3,TUTI,100,C,,,,,,
CKD,2020,6,3,CC,,21,3,INBU,120,V,X,,,,,
CKD,2020,6,3,CC,,21,3,GRSP,80,C,,,,,,
CKD,2020,6,3,CC,,21,4,GRCA,125,S,,,,,,
CKD,2020,6,3,CC,,21,5,BHCO,100,V,X,M,,5,B,
CKD,2020,6,3,CC,,21,5,BHCO,100,V,X,F,,2,B,
CKD,2020,6,3,CC,,21,5,FISP,100,S,,,,,,
CKD,2020,6,3,CC,,21,5,WITU,200,C,,,,,,
CKD,2020,6,3,CC,,21,5,CHSP,100,S,,,,,,
CKD,2020,6,3,CC,,21,6,WOTH,120,C,,,,,,
CKD,2020,6,3,CC,,88,,DOWO,,C,,,,,,
CKD,2020,6,3,CC,6:21,22,1,OROR,90,S,,,,,,
CKD,2020,6,3,CC,,22,1,DICK,110,S,,,,,,
CKD,2020,6,3,CC,,22,1,COYE,100,S,,,,,,
CKD,2020,6,3,CC,,22,1,MODO,90,V,X,,,,,
CKD,2020,6,3,CC,,22,1,BHCO,70,V,X,M,,,,
CKD,2020,6,3,CC,,22,1,NOFL,400,C,,,,,,
CKD,2020,6,3,CC,,22,1,OROR,150,S,,,,,,
CKD,2020,6,3,CC,,22,1,AMRO,130,V,X,,,,,
CKD,2020,6,3,CC,,22,2,NOCA,130,S,,,,,,
CKD,2020,6,3,CC,,22,2,INBU,95,S,,,,,,
CKD,2020,6,3,CC,,22,2,INBU,100,S,,,,,,
CKD,2020,6,3,CC,,22,2,MODO,95,V,X,,,,,
CKD,2020,6,3,CC,,22,2,RWBL,90,V,X,F,,2,,
CKD,2020,6,3,CC,,22,2,RWBL,100,V,X,M,,1,,
CKD,2020,6,3,CC,,22,2,EAKI,100,C,,,,,,
CKD,2020,6,3,CC,,22,3,DICK,90,S,,,,,,
CKD,2020,6,3,CC,,22,3,DICK,110,S,,,,,,
CKD,2020,6,3,CC,,22,3,DICK,110,S,,,,,,
CKD,2020,6,3,CC,,22,3,DICK,140,S,,,,,,
CKD,2020,6,3,CC,,22,3,WITU,300,C,,,,,,
CKD,2020,6,3,CC,,22,3,CHSW,100,V,X,,,2,,
CKD,2020,6,3,CC,,22,3,GRSP,100,S,,,,,,
CKD,2020,6,3,CC,,22,3,BHCO,170,V,X,M,,,,
CKD,2020,6,3,CC,,22,4,RWBL,70,V,X,M,,,,
CKD,2020,6,3,CC,,22,4,BHCO,100,V,X,M,,,,
CKD,2020,6,3,CC,,22,4,COYE,120,S,,,,,,
CKD,2020,6,3,CC,,22,4,EAME,140,S,,,,,,
CKD,2020,6,3,CC,,22,5,KILL,120,C,X,,,2,,
CKD,2020,6,3,CC,,22,6,AMCR,800,C,,,,2,,
CKD,2020,6,3,CC,6:33,23,1,MODO,100,C,,,,,,
CKD,2020,6,3,CC,,23,1,DICK,80,V,X,,,2,,
CKD,2020,6,3,CC,,23,1,DICK,100,S,,,,,,
CKD,2020,6,3,CC,,23,1,DICK,100,S,,,,,,
CKD,2020,6,3,CC,,23,1,DICK,125,S,,,,,,
CKD,2020,6,3,CC,,23,1,RWBL,125,V,X,M,,2,,
CKD,2020,6,3,CC,,23,1,GBHE,300,V,X,,,,,
CKD,2020,6,3,CC,,23,1,EAKI,100,V,X,,,2,,
CKD,2020,6,3,CC,,23,1,CEDW,75,C,,,,,,
CKD,2020,6,3,CC,,23,2,NOCA,125,C,,,,,,
CKD,2020,6,3,CC,,23,2,BHCO,100,C,,,,,,
CKD,2020,6,3,CC,,23,2,INBU,90,S,,,,,,
CKD,2020,6,3,CC,,23,3,AMRO,170,V,X,,,,,
CKD,2020,6,3,CC,,23,3,FISP,120,S,,,,,,
CKD,2020,6,3,CC,,23,3,EAME,130,S,,,,,,
CKD,2020,6,3,CC,,23,3,BHCO,100,V,X,F,,,C,
CKD,2020,6,3,CC,,23,3,BHCO,100,V,X,M,,,C,
CKD,2020,6,3,CC,,23,4,DICK,120,V,X,,,6,,
CKD,2020,6,3,CC,,23,4,AMGO,100,C,,,,,,
CKD,2020,6,3,CC,,23,5,RWBL,90,V,X,M,,2,,
CKD,2020,6,3,CC,,23,6,RTHU,60,V,X,,,,,
CKD,2020,6,3,CC,,23,6,EAKI,70,V,X,,,,,
